"address","area","city","community_name","floor","listing_title","municipal_district","orientation","price","province","rooms","unit_price","url","year","address_region"
"徐家棚-和平大道750号","131.77㎡","武汉","绿地国际金融城二期","（共32层）","真房真价:绿地二期 南北通透 大落地窗 精装修 满二 急售",NA,"南北向","395万",NA,"3室2厅","29976元/㎡","https://wuhan.esf.fang.com/chushou/3_199394791.htm","2015年建","徐家棚"
"积玉桥-武昌区临江大道55号","162.6㎡","武汉","锦江国际城","（共27层）","必看好房:锦江国际城 中层 一线江景房 精装修 老证 急售",NA,"南北向","450万",NA,"3室2厅","27675元/㎡","https://wuhan.esf.fang.com/chushou/3_199232545.htm","2005年建","积玉桥"
"积玉桥-和平大道三角路(原武汉理工大旧址)","87.97㎡","武汉","武汉恒大首府","（共33层）","次新小区 恒大首府 精装修 采光好 老证 业主急售 随时可看",NA,"东南向","200万",NA,"2室1厅","22735元/㎡","https://wuhan.esf.fang.com/chushou/3_199231336.htm","2018年建","积玉桥"
"中北路-中北路147号","134.1㎡","武汉","复地东湖国际六期","（共32层）","复地东湖国际六期 3室2厅 134.1平",NA,"南北向","610万",NA,"3室2厅","45488元/㎡","https://wuhan.esf.fang.com/chushou/3_199500293.htm","2015年建","中北路"
"积玉桥-和平大道三角路(原武汉理工大旧址)","89.52㎡","武汉","武汉恒大首府","（共45层）","必看好房:恒大 全新精装修 高层看湖 视野开阔 老证 急售",NA,"东南向","230万",NA,"2室2厅","25692元/㎡","https://wuhan.esf.fang.com/chushou/3_199515738.htm","2006年建","积玉桥"
"徐家棚-武昌区和平大道750号","118.2㎡","武汉","西斯莱公馆","（共31层）","绿地国际金融城一期 3室2厅 114.04平",NA,"南北向","310万",NA,"3室2厅","26226元/㎡","https://wuhan.esf.fang.com/chushou/3_199516026.htm","2006年建","徐家棚"
"南湖花园-南湖路(长虹中学旁)","130.61㎡","武汉","新力雅园","（共6层）","南湖核心地段 天地雅园 精装毛坯可选 经典三房 生活便利",NA,"南北向","196.8万",NA,"3室2厅","15067元/㎡","https://wuhan.esf.fang.com/chushou/3_199510885.htm","2019年建","南湖花园"
"水果湖-洪山侧路18号","88.95㎡","武汉","洪山侧路","（共7层）","洪山侧路 3室2厅 91.54平",NA,"南北向","245万",NA,"2室2厅","27543元/㎡","https://wuhan.esf.fang.com/chushou/3_199500639.htm","2006年建","水果湖"
"积玉桥-中山路312号","103.83㎡","武汉","华润置地凤凰城","（共33层）","真房真价 品质小区 凤凰城 此房急售 老证 楼层采光好",NA,"东南向","270万",NA,"3室2厅","26004元/㎡","https://wuhan.esf.fang.com/chushou/3_199388051.htm","2009年建","积玉桥"
"白沙洲-白沙洲大道与园艺二路交汇处","101㎡","武汉","和雅东方","（共32层）","武昌白沙洲 5号线地铁口 和雅东方 毛坯价买精装 送中央空调",NA,"南北向","131万",NA,"3室2厅","12970元/㎡","https://wuhan.esf.fang.com/chushou/3_199423170.htm","2017年建","白沙洲"
"南湖花园-丁字桥路与岭南路交汇处","140.16㎡","武汉","万科新都会","（共38层）","必看好房:武昌二环丁字桥,万科精装通透4房+配套成熟",NA,"南北向","325.8万",NA,"4室2厅","23244元/㎡","https://wuhan.esf.fang.com/chushou/3_198968081.htm","2020年建","南湖花园"
"白沙洲-洪山区白沙洲大道与八坦路交叉路口","111.98㎡","武汉","中建铂公馆","（共33层）","准现房!武昌二环十12号地鉄,中建铂公馆,自带龙湖天街",NA,"南北向","176万",NA,"3室2厅","15717元/㎡","https://wuhan.esf.fang.com/chushou/3_199316655.htm","2022年建","白沙洲"
"徐东-杨园南路与北洋桥路交汇处","148㎡","武汉","朗诗熙华府","（共45层）","武昌内环滨江商务区 18800, 恒温恒氧 精装交付",NA,"南向","288万",NA,"4室2厅","19459元/㎡","https://wuhan.esf.fang.com/chushou/3_199513325.htm","2022年建","徐东"
"南湖花园-南湖路(长虹中学旁)","121㎡","武汉","新力雅园","（共6层）","武昌二环,开发商一手房源,7号线口,南湖好地段",NA,"南向","205万",NA,"3室2厅","16942元/㎡","https://wuhan.esf.fang.com/chushou/3_199491691.htm","2006年建","南湖花园"
"南湖花园-丁字桥路与岭南路交汇处","119㎡","武汉","万科新都会","（共50层）","万科物业 精装交房准现房 武昌二环边 前面无遮挡 街道口附近",NA,"南向","305万",NA,"3室2厅","25630元/㎡","https://wuhan.esf.fang.com/chushou/3_199486486.htm","2020年建","南湖花园"
"白沙洲-新武金堤路与八坦路交叉口(向南前行200米)","110㎡","武汉","城投联投誉江南","（共33层）","武昌新二环 一线江景 城投国企 毛坯准现房 已经封顶",NA,"南北向","192万",NA,"3室2厅","17454元/㎡","https://wuhan.esf.fang.com/chushou/3_199500958.htm","2021年建","白沙洲"
"白沙洲-南郊路与丽水路交汇处","114.34㎡","武汉","旭辉华宇江悦府","（共33层）","3室2厅精装修 旭辉华宇江悦府 采光好周边配套成熟 准现房",NA,"南北向","148万",NA,"3室2厅","12943元/㎡","https://wuhan.esf.fang.com/chushou/3_199375253.htm","2020年建","白沙洲"
"南湖花园-南湖路(长虹中学旁)","105㎡","武汉","新力雅园","（共33层）","新房:105平三开间朝南+精装修三房+特惠房源+配套齐全",NA,"南北向","206.2万",NA,"3室2厅","19638元/㎡","https://wuhan.esf.fang.com/chushou/3_199422892.htm","","南湖花园"
"中北路-中北路101号","175.41㎡","武汉","海山金谷","（共33层）","板楼四房中央空调一步到位 有子母车位南北通透地源热泵",NA,"南北向","610万",NA,"4室2厅","34775元/㎡","https://wuhan.esf.fang.com/chushou/3_199369604.htm","2012年建","中北路"
"南湖花园-丁字桥路与岭南路交汇处","119㎡","武汉","万科新都会","（共50层）","万科物业 精装交房准现房 武昌二环边 前面无遮挡 街道口附近",NA,"南向","305万",NA,"3室2厅","25630元/㎡","https://wuhan.esf.fang.com/chushou/3_199486486.htm","2020年建","南湖花园"
"白沙洲-青菱新城","72.1㎡","武汉","武汉卓越城","（共18层）","新房:小高层72平大两房+低公摊+环境舒适+低首付+配套齐",NA,"南北向","61.12万",NA,"2室2厅","8477元/㎡","https://wuhan.esf.fang.com/chushou/3_199422037.htm","","白沙洲"
"积玉桥-和平大道与新河街交汇处","140㎡","武汉","长江悦","（共40层）","清盘2.8W起 武昌滨江 长江悦 国企央企 江景精装通透四房",NA,"南北向","404.8万",NA,"4室2厅","28914元/㎡","https://wuhan.esf.fang.com/chushou/3_199501422.htm","2022年建","积玉桥"
"武泰闸烽火-保利上城","109.14㎡","武汉","保利上城","（共40层）","保利上城 3室1厅 109.14平",NA,"南北向","175万",NA,"2室2厅","16034元/㎡","https://wuhan.esf.fang.com/chushou/3_199450662.htm","2018年建","武泰闸烽火"
"白沙洲-鄂旅投书院世家","100㎡","武汉","鄂旅投书院世家","（共3层）","现房+联排别墅+地铁口+70年联排独栋别墅+三面环湖",NA,"南向","280万",NA,"3室1厅","28000元/㎡","https://wuhan.esf.fang.com/chushou/3_199083333.htm","2018年建","白沙洲"
"徐东-武昌和平大道与铁机路交汇处","181㎡","武汉","融侨天域","（共42层）","武昌融侨滨江城,180大平层仅剩几套,聚划算,总价400万",NA,"南北向","399万",NA,"4室2厅","22044元/㎡","https://wuhan.esf.fang.com/chushou/3_199501053.htm","2019年建","徐东"
"南湖花园-丁字桥路与岭南路交汇处","125.58㎡","武汉","万科新都会","（共50层）","万科准现房+武昌核心丁字桥+精装通透三房+配套齐全",NA,"南北向","318万",NA,"3室2厅","25322元/㎡","https://wuhan.esf.fang.com/chushou/3_199440272.htm","2022年建","南湖花园"
"中北路-中北路118号(原武重厂区)","101.39㎡","武汉","复地东湖国际","（共32层）","此房满两年 小三房 明厨明卫 高楼层 采光充足",NA,"东北向","488万",NA,"3室1厅","48130元/㎡","https://wuhan.esf.fang.com/chushou/3_198647885.htm","2010年建","中北路"
"白沙洲-武昌南青菱西岸南郊路与杨林三路交汇处","90.48㎡","武汉","万科保利理想城市","（共33层）","旁边12年华师,精装修现房,首付30万起,5号线正口",NA,"南北向","110万",NA,"3室2厅","12157元/㎡","https://wuhan.esf.fang.com/chushou/3_199486471.htm","2021年建","白沙洲"
"南湖花园-丁字桥路与岭南路交汇处","140㎡","武汉","万科新都会","（共50层）","武商梦时代旁 万科物业 目送式教育 无遮挡 对口武珞路卓刀泉",NA,"南向","291.5万",NA,"4室2厅","20821元/㎡","https://wuhan.esf.fang.com/chushou/3_199464866.htm","2022年建","南湖花园"
"南湖花园-丁字桥路与岭南路交汇处","140㎡","武汉","万科新都会","（共34层）","必看新房:武昌洪山丁字桥万科140㎡边户通透精装三房自带學校",NA,"南北向","338万",NA,"4室2厅","24142元/㎡","https://wuhan.esf.fang.com/chushou/3_199149197.htm","2019年建","南湖花园"
"白沙洲-白沙洲大道与江国路交汇处东南侧","95.77㎡","武汉","保利上城西区","（共40层）","此房经典三居室,中低楼层,楼间距大,业主诚心卖",NA,"南北向","165万",NA,"3室2厅","17228元/㎡","https://wuhan.esf.fang.com/chushou/3_199413813.htm","2017年建","白沙洲"
"中北路-中北路118号(原武重厂区)","161.84㎡","武汉","复地东湖国际","（共31层）","复地一期 经典四房 得房率高 诚心出售",NA,"南北向","790万",NA,"5室2厅","48813元/㎡","https://wuhan.esf.fang.com/chushou/3_198647895.htm","2010年建","中北路"
"白沙洲-鄂旅投书院世家","122㎡","武汉","鄂旅投书院世家","（共34层）","现房+联排别墅+140平+70年联排独栋别墅+三面环湖",NA,"南向","275万",NA,"4室1厅","22540元/㎡","https://wuhan.esf.fang.com/chushou/3_199501958.htm","2018年建","白沙洲"
"南湖花园-丁字桥路与岭南路交汇处","133㎡","武汉","万科新都会","（共34层）","捡漏好房:万科133㎡精装三房边户通透视野无遮采光好二环地段",NA,"南北向","325万",NA,"3室2厅","24436元/㎡","https://wuhan.esf.fang.com/chushou/3_199060992.htm","2019年建","南湖花园"
"南湖花园-丁字桥路与岭南路交汇处","125.58㎡","武汉","万科新都会","（共50层）","万科准现房+武昌核心丁字桥+精装通透三房+配套齐全",NA,"南北向","318万",NA,"3室2厅","25322元/㎡","https://wuhan.esf.fang.com/chushou/3_199387040.htm","2022年建","南湖花园"
"徐东-保利城","76㎡","武汉","保利城","（共34层）","实际1万8!1.5环武昌双地鉄大盘,保利城7期云廷",NA,"南北向","145万",NA,"2室2厅","19078元/㎡","https://wuhan.esf.fang.com/chushou/3_199344324.htm","2022年建","徐东"
"白沙洲-南郊路与三环交汇处","93.62㎡","武汉","新力城","（共6层）","白沙洲三环边 精装准现房 优惠特价 单价10000起",NA,"南北向","131万",NA,"3室2厅","13992元/㎡","https://wuhan.esf.fang.com/chushou/3_199232687.htm","2021年建","白沙洲"
"白沙洲-青菱新城","71.5㎡","武汉","武汉卓越城","（共18层）","新房:71平精致两房+小高层+采光好+低首付+配套齐全",NA,"南北向","62.2万",NA,"2室2厅","8699元/㎡","https://wuhan.esf.fang.com/chushou/3_199396005.htm","","白沙洲"
"积玉桥-和平大道与新河街交汇处","125㎡","武汉","长江悦","（共45层）","武昌内环一线看江 还有高楼层 价格有惊喜 抓紧机会",NA,"南北向","361.43万",NA,"3室2厅","28914元/㎡","https://wuhan.esf.fang.com/chushou/3_199501418.htm","2022年建","积玉桥"
"白沙洲-旭辉江山境","129㎡","武汉","旭辉江山境","（共6层）","户型好,南面看江,北面看湖。高品质改善小区。性价比高 收藏",NA,"南北向","190万",NA,"3室2厅","14728元/㎡","https://wuhan.esf.fang.com/chushou/3_199202026.htm","2006年建","白沙洲"
"徐东-保利城","102㎡","武汉","保利城","（共51层）","实际1万8!两年等一回,内环旁双地鉄,保利城宽尺大宅",NA,"东南向","199万",NA,"3室2厅","19509元/㎡","https://wuhan.esf.fang.com/chushou/3_199344319.htm","2022年建","徐东"
"白沙洲-洪山区白沙洲大道与八坦路交叉路口","117.15㎡","武汉","中建铂公馆","（共34层）","冲刺新春认购!新2环中建铂公馆,天街學校齐全,毛坯价低自装修",NA,"南北向","178万",NA,"3室2厅","15194元/㎡","https://wuhan.esf.fang.com/chushou/3_199316315.htm","2022年建","白沙洲"
"武泰闸烽火-保利上城","86.44㎡","武汉","保利上城","（共34层）","保利上城 3室2厅 86.44平",NA,"东南向","143万",NA,"3室2厅","16543元/㎡","https://wuhan.esf.fang.com/chushou/3_199450667.htm","2017年建","武泰闸烽火"
"南湖花园-南湖路(长虹中学旁)","95㎡","武汉","新力雅园","（共6层）","保价!2环内7地鉄口,天地新力雅园,现精装改毛坯",NA,"南向","165万",NA,"3室2厅","17368元/㎡","https://wuhan.esf.fang.com/chushou/3_199314868.htm","2022年建","南湖花园"
"武泰闸烽火-保利上城","97.23㎡","武汉","保利上城","（共34层）","5地铁口保利上城 97.23平3居 南向毛坯 方便看房",NA,"南向","121万",NA,"3室1厅","12444元/㎡","https://wuhan.esf.fang.com/chushou/3_199450646.htm","2017年建","武泰闸烽火"
"积玉桥-和平大道三角路(原武汉理工大旧址)","158.8㎡","武汉","武汉恒大首府","（共43层）","恒大首府 精装四房,高楼层,证五年 清晰 诚心出售",NA,"南北向","529万",NA,"4室2厅","33312元/㎡","https://wuhan.esf.fang.com/chushou/3_198747680.htm","2013年建","积玉桥"
"白沙洲-青菱大道与杨林二路交会处","87㎡","武汉","大华公园城市","（共32层）","找我享优惠+性价比之王!主城区 首付12万起 +云帆街商业",NA,"南北向","74万",NA,"3室2厅","8505元/㎡","https://wuhan.esf.fang.com/chushou/3_199487875.htm","2006年建","白沙洲"
"南湖花园-丁字桥路与岭南路交汇处","116.39㎡","武汉","万科新都会","（共34层）","丁字桥核心区域+佰港城旁+通透大三房+万科物业+品质小区",NA,"南北向","300万",NA,"3室2厅","25775元/㎡","https://wuhan.esf.fang.com/chushou/3_198968082.htm","2019年建","南湖花园"
"白沙洲-万科城市之光","95㎡","武汉","万科城市之光","（共32层）","精选必看:武昌新二环95㎡精装修三房自带商业正地铁对口华师小",NA,"南北向","168万",NA,"3室2厅","17684元/㎡","https://wuhan.esf.fang.com/chushou/3_199214816.htm","2019年建","白沙洲"
"白沙洲-白沙洲大道与园艺二路交汇处","160㎡","武汉","和雅东方","（共3层）","武昌三环口首付74万入住一线湖景别墅 送和花园",NA,"南向","300万",NA,"4室2厅","18750元/㎡","https://wuhan.esf.fang.com/chushou/3_199325945.htm","2022年建","白沙洲"
"白沙洲-旭辉江山境","140.83㎡","武汉","旭辉江山境","（共57层）","仅两套精装现房 单价1W3不到 不是顶底楼 随时看房手慢无",NA,"南北向","186万",NA,"4室2厅","13207元/㎡","https://wuhan.esf.fang.com/chushou/3_199477818.htm","2021年建","白沙洲"
"白沙洲-旭辉江山境","173㎡","武汉","旭辉江山境","（共6层）","武昌滨江现房 旭辉品质大平层270度看江 180观景阳台精装",NA,"南北向","270万",NA,"4室2厅","15606元/㎡","https://wuhan.esf.fang.com/chushou/3_199212856.htm","2006年建","白沙洲"
"白沙洲-青菱新城","83㎡","武汉","武汉卓越城","（共32层）","新房:95平三房+南北通透边户+单价低+首付低+入住洪山主城",NA,"南北向","69.2万",NA,"3室2厅","8337元/㎡","https://wuhan.esf.fang.com/chushou/3_199422778.htm","","白沙洲"
"白沙洲-旭辉江山境","173㎡","武汉","旭辉江山境","（共6层）","现有特价房,现房,四开间朝南,通风效果更佳,看江观湖 收藏",NA,"南北向","236.2万",NA,"4室2厅","13653元/㎡","https://wuhan.esf.fang.com/chushou/3_199197012.htm","2019年建","白沙洲"
"南湖花园-丁字桥路与岭南路交汇处","125㎡","武汉","万科新都会","（共34层）","精选好房:万科新都会二环125㎡精装三房价值洼地成熟配套",NA,"南北向","300万",NA,"3室2厅","24000元/㎡","https://wuhan.esf.fang.com/chushou/3_199058975.htm","2019年建","南湖花园"
"南湖花园-丁字桥路与岭南路交汇处","125.2㎡","武汉","万科新都会","（共32层）","新房:万科精装修+丁字桥+武昌内环+理工旁+配套齐全+可接宋",NA,"南北向","312.5万",NA,"3室2厅","24960元/㎡","https://wuhan.esf.fang.com/chushou/3_199391524.htm","","南湖花园"
"中北路-中北路118号(原武重厂区)","101.39㎡","武汉","复地东湖国际","（共32层）","此房满两年 小三房 明厨明卫 高楼层 采光充足",NA,"东北向","488万",NA,"3室1厅","48130元/㎡","https://wuhan.esf.fang.com/chushou/3_198647885.htm","2010年建","中北路"
"徐东-保利城","111㎡","武汉","保利城","（共34层）","开发商直签75-128平 单价2W 内环豪宅保利城七期 毛坯",NA,"南北向","212万",NA,"3室2厅","19099元/㎡","https://wuhan.esf.fang.com/chushou/3_199433246.htm","2021年建","徐东"
"白沙洲-万科城市之光","117㎡","武汉","万科城市之光","（共34层）","必看新房:万科洪山广场商业117㎡精装三房边户通透自带學校",NA,"南北向","215万",NA,"3室2厅","18376元/㎡","https://wuhan.esf.fang.com/chushou/3_199056128.htm","","白沙洲"
"南湖花园-南湖路(长虹中学旁)","105㎡","武汉","新力雅园","（共32层）","新房:朝南精装修+方正户型+武昌二环精装修+地鉄口+特惠房源",NA,"南北向","178万",NA,"3室2厅","16952元/㎡","https://wuhan.esf.fang.com/chushou/3_199491695.htm","","南湖花园"
"南湖花园-南湖路(长虹中学旁)","103㎡","武汉","新力雅园","（共6层）","武昌二环 建安街正口 新力雅园1.7万起倒挂周边二手5千",NA,"南向","175万",NA,"3室2厅","16990元/㎡","https://wuhan.esf.fang.com/chushou/3_199491692.htm","2006年建","南湖花园"
"白沙洲-白沙洲大道与园艺二路交汇处","160㎡","武汉","和雅东方","（共3层）","武昌三环口首付74万入住一线湖景别墅 送和花园",NA,"南向","300万",NA,"4室2厅","18750元/㎡","https://wuhan.esf.fang.com/chushou/3_199513369.htm","2022年建","白沙洲"
"白沙洲-青菱大道与杨林二路交会处","112.56㎡","武汉","大华公园城市","（共18层）","精装+小高层+不限够+首付2成+洪山主城区准现房+华师旁",NA,"南北向","115万",NA,"4室2厅","10216元/㎡","https://wuhan.esf.fang.com/chushou/3_199361259.htm","2021年建","白沙洲"
"徐东-杨园南路与北洋桥路交汇处","150㎡","武汉","朗诗熙华府","（共6层）","钢旅蓝郡武昌1.5环低密度洋房102-142平单价19500",NA,"南北向","300万",NA,"4室2厅","20000元/㎡","https://wuhan.esf.fang.com/chushou/3_199308448.htm","2006年建","徐东"
"白沙洲-白沙洲大道与园艺二路交汇处","115㎡","武汉","和雅东方","（共32层）","和雅东方 紧凑小三居 考虑白沙洲的你推荐看看,近",NA,"南北向","155万",NA,"3室2厅","13478元/㎡","https://wuhan.esf.fang.com/chushou/3_199240064.htm","2021年建","白沙洲"
"白沙洲-武昌南青菱西岸南郊路与杨林三路交汇处","96.8㎡","武汉","万科保利理想城市","（共32层）","首付30万起,小户型,洪山区主城区,万科物业,带华师!",NA,"南北向","113万",NA,"3室2厅","11673元/㎡","https://wuhan.esf.fang.com/chushou/3_199213217.htm","2021年建","白沙洲"
"白沙洲-青菱新城","82.3㎡","武汉","武汉卓越城","（共32层）","新房:卓越城82平精致三房+特惠房源+单价低+低首付+环境好",NA,"南北向","69.1万",NA,"3室2厅","8396元/㎡","https://wuhan.esf.fang.com/chushou/3_199396027.htm","","白沙洲"
"徐东-保利城","75㎡","武汉","保利城","（共29层）","实际1万8!3梯6户保利城,带5人制足球场,双地鉄内环武昌",NA,"南向","145万",NA,"2室2厅","19333元/㎡","https://wuhan.esf.fang.com/chushou/3_199344314.htm","2022年建","徐东"
"白沙洲-洪山区白沙洲大道与八坦路交叉路口","111.98㎡","武汉","中建铂公馆","（共33层）","央企中建准现房!共享龙湖天街,2环白沙之心,毛坯3室",NA,"南北向","170万",NA,"3室2厅","15181元/㎡","https://wuhan.esf.fang.com/chushou/3_199316279.htm","2022年建","白沙洲"
"白沙洲-青菱街丽水路与南郊路交汇处","123㎡","武汉","美好长江首玺","（共33层）","保价!白沙洲3环长江边,美好长江首玺准现房!双學区",NA,"南北向","141万",NA,"3室2厅","11463元/㎡","https://wuhan.esf.fang.com/chushou/3_199314876.htm","2022年建","白沙洲"
"南湖花园-丁字桥路与岭南路交汇处","126㎡","武汉","万科新都会","（共6层）","二环核心地段 万科新都会 自带商业 精装品质 全龄是教育",NA,"南向","281万",NA,"3室2厅","22301元/㎡","https://wuhan.esf.fang.com/chushou/3_199258396.htm","2021年建","南湖花园"
"白沙洲-青菱新城","83.6㎡","武汉","武汉卓越城","（共18层）","新房:83平毛坯三房+洪山主城区区住宅+低首付+环境好",NA,"南北向","70.5万",NA,"3室2厅","8433元/㎡","https://wuhan.esf.fang.com/chushou/3_199396021.htm","","白沙洲"
"白沙洲-旭辉江山境","173.44㎡","武汉","旭辉江山境","（共55层）","一线临江+270度全景看江+170度观江大阳台+精装修现房",NA,"南北向","256万",NA,"4室2厅","14760元/㎡","https://wuhan.esf.fang.com/chushou/3_199481597.htm","2022年建","白沙洲"
"南湖花园-南湖路(长虹中学旁)","121㎡","武汉","新力雅园","（共32层）","新力雅园 二环内,双地铁口 车位商业配套齐全 全程免费看房",NA,"南北向","200万",NA,"3室2厅","16528元/㎡","https://wuhan.esf.fang.com/chushou/3_199244699.htm","2021年建","南湖花园"
"南湖花园-南湖路(长虹中学旁)","103㎡","武汉","新力雅园","（共6层）","武昌二环 建安街正口 新力雅园1.7万起倒挂周边二手5千",NA,"南向","175万",NA,"3室2厅","16990元/㎡","https://wuhan.esf.fang.com/chushou/3_199491711.htm","2006年建","南湖花园"
"中北路-沙湖大道与公正路交汇处","216.27㎡","武汉","融创中心武汉壹号院","（共27层）","融创武汉壹号院-全新楼栋加推210-245平-纯毛坯新房",NA,"南北向","850万",NA,"4室2厅","39302元/㎡","https://wuhan.esf.fang.com/chushou/3_199406732.htm","2022年建","中北路"
"白沙洲-洪山区白沙洲大道与八坦路交叉路口","111.78㎡","武汉","中建铂公馆","（共48层）","武昌新二环,12号线地铁口,中建铂公馆精装修,自带龙湖天街",NA,"南北向","200万",NA,"3室2厅","17892元/㎡","https://wuhan.esf.fang.com/chushou/3_199471254.htm","2022年建","白沙洲"
"白沙洲-万科光澜道","117㎡","武汉","万科光澜道","（共32层）","必看好房:万科117㎡精装修三房边户通透自带商业体对口华师小",NA,"南北向","210万",NA,"3室2厅","17948元/㎡","https://wuhan.esf.fang.com/chushou/3_199214797.htm","2019年建","白沙洲"
"积玉桥-和平大道与新河街交汇处","140㎡","武汉","长江悦","（共40层）","清盘2.8W起 武昌滨江 长江悦 国企央企 江景精装通透四房",NA,"南北向","405万",NA,"4室2厅","28928元/㎡","https://wuhan.esf.fang.com/chushou/3_199501424.htm","2022年建","积玉桥"
"武泰闸烽火-保利上城","86.9㎡","武汉","保利上城","（共40层）","保利上城 3室1厅 86.9平",NA,"南向","107万",NA,"3室1厅","12313元/㎡","https://wuhan.esf.fang.com/chushou/3_199450656.htm","2017年建","武泰闸烽火"
"徐东-保利城","128㎡","武汉","保利城","（共33层）","徐东核心 保利城七期 收尾制作 毛坯交付 75-128平",NA,"南北向","245万",NA,"3室2厅","19140元/㎡","https://wuhan.esf.fang.com/chushou/3_199422934.htm","2016年建","徐东"
"白沙洲-洪山区白沙洲大道与八坦路交叉路口","156.28㎡","武汉","中建铂公馆","（共20层）","洪山区白沙洲二环 中建铂公馆毛坏房 新房免佣 可享团购折扣",NA,"南北向","287万",NA,"4室2厅","18364元/㎡","https://wuhan.esf.fang.com/chushou/3_198265104.htm","2021年建","白沙洲"
"徐东-团结大道1015号","77.84㎡","武汉","新世纪花园A区","（共9层）","群星城旁 全新装修 一天未住 精装两居室 便宜出售",NA,"南北向","130万",NA,"2室2厅","16700元/㎡","https://wuhan.esf.fang.com/chushou/3_199391459.htm","2000年建","徐东"
"白沙洲-白沙洲大道与江国路交汇处东南侧","79.09㎡","武汉","保利上城西区","（共38层）","保利上城西区 高楼层 精装小两房 无贷款",NA,"南向","141万",NA,"2室2厅","17827元/㎡","https://wuhan.esf.fang.com/chushou/3_199413789.htm","2020年建","白沙洲"
"白沙洲-白沙洲大道与园艺二路交汇处","135㎡","武汉","和雅东方","（共32层）","和雅东方3室2厅2卫毛坯房大型社区湖景地产品质好房",NA,"南向","186万",NA,"3室2厅","13777元/㎡","https://wuhan.esf.fang.com/chushou/3_199325944.htm","2022年建","白沙洲"
"白沙洲-白沙洲大道与江国路交汇处东南侧","131.4㎡","武汉","保利上城西区","（共39层）","大三房,精装修,老证,可看江,小区中间楼栋",NA,"南北向","220万",NA,"3室2厅","16742元/㎡","https://wuhan.esf.fang.com/chushou/3_199425639.htm","2017年建","白沙洲"
"南湖花园-南湖路(长虹中学旁)","105㎡","武汉","新力雅园","（共32层）","新房:朝南精装修+方正户型+武昌二环精装修+地鉄口+特惠房源",NA,"南北向","210.3万",NA,"3室2厅","20028元/㎡","https://wuhan.esf.fang.com/chushou/3_199422905.htm","","南湖花园"
"南湖花园-丁字桥路与岭南路交汇处","125.58㎡","武汉","万科新都会","（共50层）","万科准现房+武昌核心丁字桥+精装通透三房+配套齐全",NA,"南北向","318万",NA,"3室2厅","25322元/㎡","https://wuhan.esf.fang.com/chushou/3_199440272.htm","2022年建","南湖花园"
"白沙洲-武昌南青菱西岸南郊路与杨林三路交汇处","91㎡","武汉","万科保利理想城市","（共6层）","双国企开发,万科物业,引进华师,主城区,总价低",NA,"南北向","114万",NA,"3室2厅","12527元/㎡","https://wuhan.esf.fang.com/chushou/3_199238774.htm","2006年建","白沙洲"
"徐东-杨园南路与北洋桥路交汇处","148㎡","武汉","朗诗熙华府","（共45层）","武昌内环滨江商务区 18800, 恒温恒氧 精装交付",NA,"南向","288万",NA,"4室2厅","19459元/㎡","https://wuhan.esf.fang.com/chushou/3_199304765.htm","2022年建","徐东"
"白沙洲-青菱大道与杨林二路交会处","96.18㎡","武汉","大华公园城市","（共34层）","准现房+小高层+不限够+洪山区+通透3房+华师学府旁+配套好",NA,"南北向","100万",NA,"3室2厅","10397元/㎡","https://wuhan.esf.fang.com/chushou/3_199350490.htm","2021年建","白沙洲"
"白沙洲-武昌南青菱西岸南郊路与杨林三路交汇处","92.41㎡","武汉","万科保利理想城市","（共29层）","保价!双地鉄规划,万科保利理想城,读华师中小學,云帆街旁",NA,"南北向","95万",NA,"3室2厅","10280元/㎡","https://wuhan.esf.fang.com/chushou/3_199477813.htm","2022年建","白沙洲"
"中北路-公正路29号(湖北省国土资源厅旁)","202㎡","武汉","沙湖九号","（共51层）","武昌内环无中介费内环沙湖百亿汉街旁沙湖9号工抵房",NA,"南向","860万",NA,"4室2厅","42574元/㎡","https://wuhan.esf.fang.com/chushou/3_199079725.htm","2020年建","中北路"
"中北路-公正路29号(湖北省国土资源厅旁)","202㎡","武汉","沙湖九号","（共51层）","武昌内环工抵房沙湖9号一线精装湖景现房",NA,"南向","866万",NA,"4室2厅","42871元/㎡","https://wuhan.esf.fang.com/chushou/3_199079735.htm","2020年建","中北路"
"白沙洲-武昌南青菱西岸南郊路与杨林三路交汇处","129㎡","武汉","万科保利理想城市","（共35层）","万科保利大品牌 改善居家舒适大四房 低总价",NA,"南北向","154万",NA,"4室2厅","11937元/㎡","https://wuhan.esf.fang.com/chushou/3_199480708.htm","2019年建","白沙洲"
"白沙洲-白沙洲大道与园艺二路交汇处","135㎡","武汉","和雅东方","（共32层）","和雅东方3室2厅2卫毛坯房大型社区湖景地产品质好房",NA,"南向","186万",NA,"3室2厅","13777元/㎡","https://wuhan.esf.fang.com/chushou/3_199325944.htm","2022年建","白沙洲"
"武泰闸烽火-保利上城","96.64㎡","武汉","保利上城","（共28层）","保利上城 96.64平3居 南北向毛坯 视野无遮挡",NA,"南北向","119万",NA,"3室2厅","12313元/㎡","https://wuhan.esf.fang.com/chushou/3_199450654.htm","2006年建","武泰闸烽火"
"白沙洲-白沙四路与长征三路交汇处","140.2㎡","武汉","城投联投江南岸","（共32层）","新房:140平毛坯大四房+精装修南北通透+可看江+临江滩",NA,"南北向","242.6万",NA,"4室2厅","17303元/㎡","https://wuhan.esf.fang.com/chushou/3_199381047.htm","","白沙洲"
"白沙洲-洪山区白沙洲大道与八坦路交叉路口","155.75㎡","武汉","中建铂公馆","（共20层）","洪山区白沙洲二环 中建铂公馆毛坏房 新房免佣 可享团购折扣",NA,"南北向","287万",NA,"4室2厅","18426元/㎡","https://wuhan.esf.fang.com/chushou/3_199486448.htm","2021年建","白沙洲"
"白沙洲-洪山区白沙洲大道与八坦路交叉路口","111.78㎡","武汉","中建铂公馆","（共48层）","武昌新二环,12号线地铁口,中建铂公馆精装修,自带龙湖天街",NA,"南北向","200万",NA,"3室2厅","17892元/㎡","https://wuhan.esf.fang.com/chushou/3_199471254.htm","2022年建","白沙洲"
"白沙洲-武昌南青菱西岸南郊路与杨林三路交汇处","93㎡","武汉","万科保利理想城市","（共29层）","保价!双地鉄规划,万科保利理想城,读华师中小學,云帆街旁",NA,"南北向","95万",NA,"3室2厅","10215元/㎡","https://wuhan.esf.fang.com/chushou/3_199314835.htm","2022年建","白沙洲"
"白沙洲-新武金堤路与八坦路交叉口(向南前行200米)","140㎡","武汉","城投联投誉江南","（共33层）","白沙洲新二环江边+双国企现房+一线观江四房两卫 1.5起",NA,"南北向","217万",NA,"4室2厅","15500元/㎡","https://wuhan.esf.fang.com/chushou/3_199486440.htm","2022年建","白沙洲"
"积玉桥-和平大道与新河街交汇处","115㎡","武汉","长江悦","（共45层）","(新房)央企华润开发,武昌滨江,江景住宅精装三房",NA,"南北向","326万",NA,"3室2厅","28347元/㎡","https://wuhan.esf.fang.com/chushou/3_199501417.htm","2018年建","积玉桥"
"白沙洲-洪山区白沙洲大道与八坦路交叉路口","107㎡","武汉","中建铂公馆","（共33层）","2环,校!小孩赢在起跑线!交通方便!不收取任何费用!!",NA,"南北向","170万",NA,"3室2厅","15887元/㎡","https://wuhan.esf.fang.com/chushou/3_198265089.htm","2016年建","白沙洲"
"白沙洲-万科城市之光","95㎡","武汉","万科城市之光","（共32层）","精选必看:武昌新二环95㎡精装修三房自带商业正地铁对口华师小",NA,"南北向","168万",NA,"3室2厅","17684元/㎡","https://wuhan.esf.fang.com/chushou/3_199214816.htm","2019年建","白沙洲"
"白沙洲-青菱街丽水路与南郊路交汇处","97㎡","武汉","美好长江首玺","（共33层）","万里长江装饰客厅,美好长江首玺,特价!精装准现房",NA,"南北向","115万",NA,"3室2厅","11855元/㎡","https://wuhan.esf.fang.com/chushou/3_199314872.htm","2022年建","白沙洲"
"白沙洲-武昌南青菱西岸南郊路与杨林三路交汇处","126㎡","武汉","万科保利理想城市","（共6层）","洪山主城区首付三十万享万科物业 精装交付准现房",NA,"南北向","150万",NA,"4室2厅","11904元/㎡","https://wuhan.esf.fang.com/chushou/3_199238773.htm","2018年建","白沙洲"
"白沙洲-白沙洲大道与江国路交汇处东南侧","104.61㎡","武汉","保利上城西区","（共40层）","保利上城西区 104.61平2居 南北向精装修 安静不临街",NA,"南北向","160万",NA,"2室2厅","15294元/㎡","https://wuhan.esf.fang.com/chushou/3_199450643.htm","2020年建","白沙洲"
"白沙洲-白沙四路与长征三路交汇处","103㎡","武汉","城投联投江南岸","（共32层）","城投联投江南岸 110平3居 南北向毛坯 着急出售",NA,"南北向","170万",NA,"3室2厅","16504元/㎡","https://wuhan.esf.fang.com/chushou/3_199187129.htm","2021年建","白沙洲"
"白沙洲-武昌南青菱西岸南郊路与杨林三路交汇处","92.18㎡","武汉","万科保利理想城市","（共33层）","精装修现房+旁边12年华师,万科物业+高性价比好房",NA,"南北向","100万",NA,"3室2厅","10848元/㎡","https://wuhan.esf.fang.com/chushou/3_199394466.htm","2021年建","白沙洲"
"南湖花园-丁字桥路与岭南路交汇处","91㎡","武汉","万科新都会","（共33层）","万科实力 万科新都会 新南湖 周边有成熟商圈 学堂",NA,"南北向","260万",NA,"3室2厅","28571元/㎡","https://wuhan.esf.fang.com/chushou/3_199448643.htm","2022年建","南湖花园"
"白沙洲-武昌南青菱西岸南郊路与杨林三路交汇处","92.41㎡","武汉","万科保利理想城市","（共29层）","保价!双地鉄规划,万科保利理想城,读华师中小學,云帆街旁",NA,"南北向","95万",NA,"3室2厅","10280元/㎡","https://wuhan.esf.fang.com/chushou/3_199477813.htm","2022年建","白沙洲"
"白沙洲-青菱新城南郊路与建阳四路交汇处以东","94.62㎡","武汉","南益名悦华府","（共34层）","口小区,云帆街在楼下,首付30万,开发商直销,无后期费用",NA,"南北向","115万",NA,"3室2厅","12153元/㎡","https://wuhan.esf.fang.com/chushou/3_199513339.htm","2020年建","白沙洲"
"徐东-杨园南路与北洋桥路交汇处","140.89㎡","武汉","朗诗熙华府","（共45层）","武昌内环+恒温恒湿科技精装+四季如春+名校旁+配套成熟",NA,"南北向","275万",NA,"3室2厅","19518元/㎡","https://wuhan.esf.fang.com/chushou/3_199216845.htm","2022年建","徐东"
"白沙洲-青菱街丽水路与南郊路交汇处","100.66㎡","武汉","美好长江首玺","（共34层）","冲刺新春认购!武昌南3环美好长江首玺,送各种家具家电",NA,"南向","116万",NA,"3室2厅","11523元/㎡","https://wuhan.esf.fang.com/chushou/3_199314871.htm","2022年建","白沙洲"
"白沙洲-白沙洲大道与白沙四路交汇处","127.93㎡","武汉","中建壹品宏泰·阅江府","（共34层）","中建壹品宏泰阅江府130平户型,南北通透,白沙洲公务员小区",NA,"南北向","209万",NA,"3室2厅","16337元/㎡","https://wuhan.esf.fang.com/chushou/3_198628122.htm","2020年建","白沙洲"
"白沙洲-青菱新城","83㎡","武汉","武汉卓越城","（共6层）","单价7xxx起买洪山主城区 刚需福音盘 刚需面积段齐全",NA,"南向","63万",NA,"3室2厅","7590元/㎡","https://wuhan.esf.fang.com/chushou/3_199513314.htm","2006年建","白沙洲"
"白沙洲-武昌南青菱西岸南郊路与杨林三路交汇处","126㎡","武汉","万科保利理想城市","（共6层）","洪山主城区首付三十万享万科物业 精装交付准现房",NA,"南北向","150万",NA,"4室2厅","11904元/㎡","https://wuhan.esf.fang.com/chushou/3_199403259.htm","2018年建","白沙洲"
"南湖花园-南湖路(长虹中学旁)","103㎡","武汉","新力雅园","（共6层）","南湖长虹正对面,精装三房!!",NA,"南向","175万",NA,"3室2厅","16990元/㎡","https://wuhan.esf.fang.com/chushou/3_199491693.htm","2021年建","南湖花园"
"白沙洲-武昌南青菱西岸南郊路与杨林三路交汇处","112㎡","武汉","万科保利理想城市","（共6层）","终撑不住,万科保利理想城顺应市场,读华师中小學",NA,"南北向","115万",NA,"3室2厅","10267元/㎡","https://wuhan.esf.fang.com/chushou/3_199314836.htm","2022年建","白沙洲"
"徐东-杨园南路与北洋桥路交汇处","148㎡","武汉","朗诗熙华府","（共45层）","武昌内环滨江商务区 18800, 恒温恒氧 精装交付",NA,"南向","288万",NA,"4室2厅","19459元/㎡","https://wuhan.esf.fang.com/chushou/3_199304765.htm","2022年建","徐东"
"白沙洲-白沙洲大道与江国路交汇处东南侧","88.06㎡","武汉","保利上城西区","（共38层）","全南全明户型,精装修未住人,看房方便",NA,"南向","150万",NA,"3室2厅","17033元/㎡","https://wuhan.esf.fang.com/chushou/3_199413798.htm","2017年建","白沙洲"
"南湖花园-丁字桥路与岭南路交汇处","140㎡","武汉","万科新都会","（共34层）","必看新房:武昌洪山丁字桥万科140㎡边户通透精装三房自带學校",NA,"南北向","338万",NA,"4室2厅","24142元/㎡","https://wuhan.esf.fang.com/chushou/3_199149197.htm","2019年建","南湖花园"
"白沙洲-洪山区白沙洲大道与八坦路交叉路口","138㎡","武汉","中建铂公馆","（共32层）","武昌洪山区,二环地铁口,央企开发,改善型大三房住宅",NA,"南北向","252万",NA,"3室2厅","18260元/㎡","https://wuhan.esf.fang.com/chushou/3_199474590.htm","2021年建","白沙洲"
"白沙洲-白沙洲大道与江国路交汇处东南侧","109.77㎡","武汉","保利上城西区","（共40层）","保利上城西区 109.77平3居 南北向精装修 着急出售",NA,"南北向","186万",NA,"3室2厅","16944元/㎡","https://wuhan.esf.fang.com/chushou/3_199450627.htm","2020年建","白沙洲"
"徐东-保利城","102㎡","武汉","保利城","（共51层）","实际1万8!两年等一回,内环旁双地鉄,保利城宽尺大宅",NA,"东南向","199万",NA,"3室2厅","19509元/㎡","https://wuhan.esf.fang.com/chushou/3_199344319.htm","2022年建","徐东"
"白沙洲-新武金堤路与八坦路交叉口(向南前行200米)","110㎡","武汉","城投联投誉江南","（共33层）","武昌新二环 一线江景 城投国企 毛坯准现房 已经封顶",NA,"南北向","192万",NA,"3室2厅","17454元/㎡","https://wuhan.esf.fang.com/chushou/3_199500958.htm","2021年建","白沙洲"
"白沙洲-青菱新城","82.2㎡","武汉","武汉卓越城","（共18层）","新房:82平精装3房+低公摊+不县购+低首付+配套齐全",NA,"南北向","70.55万",NA,"3室2厅","8582元/㎡","https://wuhan.esf.fang.com/chushou/3_199422028.htm","","白沙洲"
"白沙洲-青菱街丽水路与南郊路交汇处","97㎡","武汉","美好长江首玺","（共33层）","送电视送空调送桌椅床,美好长江首玺,双學区精装准现房",NA,"南北向","109.5万",NA,"3室2厅","11288元/㎡","https://wuhan.esf.fang.com/chushou/3_199314874.htm","2022年建","白沙洲"
"南湖花园-武昌南湖新城建安街特1号","124.77㎡","武汉","水域天际","（共11层）","水域天际 3室2厅 124.77平",NA,"南北向","398万",NA,"3室2厅","31898元/㎡","https://wuhan.esf.fang.com/chushou/3_199381967.htm","2007年建","南湖花园"
"白沙洲-南郊路与三环交汇处","115㎡","武汉","新力城","（共6层）","新力城 武昌滨江 单价低至13000 准现房 电梯入户",NA,"南北向","138万",NA,"3室2厅","12000元/㎡","https://wuhan.esf.fang.com/chushou/3_199242623.htm","2006年建","白沙洲"
"积玉桥-和平大道与新河街交汇处","140㎡","武汉","长江悦","（共40层）","清盘2.8W起 武昌滨江 长江悦 国企央企 江景精装通透四房",NA,"南北向","404.8万",NA,"4室2厅","28914元/㎡","https://wuhan.esf.fang.com/chushou/3_199501422.htm","2022年建","积玉桥"
"白沙洲-旭辉都会山","118㎡","武汉","旭辉都会山","（共33层）","清栋特价!旭辉都会山,送精装读鲁巷小學,卓刀泉中學,正三环",NA,"南北向","150万",NA,"3室2厅","12711元/㎡","https://wuhan.esf.fang.com/chushou/3_199314882.htm","2022年建","白沙洲"
"中北路-沙湖大道与公正路交汇处","216.27㎡","武汉","融创中心武汉壹号院","（共27层）","融创武汉壹号院-全新楼栋加推210-245平-纯毛坯新房",NA,"南北向","850万",NA,"4室2厅","39302元/㎡","https://wuhan.esf.fang.com/chushou/3_199406732.htm","2022年建","中北路"
"南湖花园-南湖路(长虹中学旁)","103㎡","武汉","新力雅园","（共6层）","武昌二环 建安街正地铁口 新力雅园1.7万起倒挂周边二手5千",NA,"南向","175万",NA,"3室2厅","16990元/㎡","https://wuhan.esf.fang.com/chushou/3_199362188.htm","2006年建","南湖花园"
"积玉桥-中山路312号","138.41㎡","武汉","华润置地凤凰城","（共33层）","新装修高层看江南北通透,阳台正南看黄鹤楼日照长",NA,"南北向","435万",NA,"3室2厅","31428元/㎡","https://wuhan.esf.fang.com/chushou/3_198710490.htm","2007年建","积玉桥"
"徐家棚-徐东二路2号","139.58㎡","武汉","水岸星城","（共5层）","东边户3楼洋房诚心出售 公摊小 光线",NA,"南北向","425万",NA,"3室2厅","30448元/㎡","https://wuhan.esf.fang.com/chushou/3_198647900.htm","2006年建","徐家棚"
"南湖花园-丁字桥路与岭南路交汇处","125.2㎡","武汉","万科新都会","（共32层）","新房:万科精装修+丁字桥+武昌内环+理工旁+配套齐全+可接宋",NA,"南北向","312.5万",NA,"3室2厅","24960元/㎡","https://wuhan.esf.fang.com/chushou/3_199391524.htm","","南湖花园"
"白沙洲-武昌南青菱西岸南郊路与杨林三路交汇处","89.76㎡","武汉","万科保利理想城市","（共34层）","白沙洲主城区现房 首付2成 刚需自带华师和DT口万科物业",NA,"南北向","108万",NA,"3室2厅","12032元/㎡","https://wuhan.esf.fang.com/chushou/3_198995732.htm","2021年建","白沙洲"
"白沙洲-武昌南青菱西岸南郊路与杨林三路交汇处","96.8㎡","武汉","万科保利理想城市","（共32层）","首付30万起,小户型,洪山区主城区,万科物业,带华师!",NA,"南北向","113万",NA,"3室2厅","11673元/㎡","https://wuhan.esf.fang.com/chushou/3_199213217.htm","2021年建","白沙洲"
"南湖花园-丁字桥路与岭南路交汇处","133㎡","武汉","万科新都会","（共34层）","必看好房:武昌丁字桥二环万科133㎡边户通透精装三房视野开阔",NA,"南北向","320万",NA,"3室2厅","24060元/㎡","https://wuhan.esf.fang.com/chushou/3_199060740.htm","2019年建","南湖花园"
"白沙洲-青菱街丽水路与南郊路交汇处","97㎡","武汉","美好长江首玺","（共33层）","来电享优惠 美好97平洪山区主城区+送全屋软装拎包入住",NA,"南北向","130.95万",NA,"3室2厅","13500元/㎡","https://wuhan.esf.fang.com/chushou/3_199143564.htm","2016年建","白沙洲"
"南湖花园-南湖路(长虹中学旁)","103㎡","武汉","新力雅园","（共6层）","今年底交房(特价送车位)新力雅园,武昌2环7号地鉄美宅",NA,"南向","170万",NA,"3室2厅","16504元/㎡","https://wuhan.esf.fang.com/chushou/3_199315425.htm","2022年建","南湖花园"
"徐东-杨园南路与北洋桥路交汇处","120㎡","武汉","朗诗熙华府","（共30层）","武昌内环+府环绕+徐东核心+科技豪宅,南北通透,配套齐全",NA,"南北向","232万",NA,"3室2厅","19333元/㎡","https://wuhan.esf.fang.com/chushou/3_199304736.htm","2022年建","徐东"
"白沙洲-白沙洲大道与江国路交汇处东南侧","101.52㎡","武汉","保利上城西区","（共40层）","保利上城西区 101.52平3居 南向精装修 方便看房",NA,"南向","145万",NA,"3室2厅","14282元/㎡","https://wuhan.esf.fang.com/chushou/3_199450636.htm","2019年建","白沙洲"
"白沙洲-旭辉江山境","178㎡","武汉","旭辉江山境","（共33层）","旭辉江山境 270度看江 170度观景阳台 精装交付准现房",NA,"南北向","253万",NA,"4室2厅","14213元/㎡","https://wuhan.esf.fang.com/chushou/3_199354550.htm","2020年建","白沙洲"
"白沙洲-白沙洲大道与江国路交汇处东南侧","104.61㎡","武汉","保利上城西区","（共40层）","保利品牌,开发商精装,诚心出售",NA,"南北向","185万",NA,"3室2厅","17684元/㎡","https://wuhan.esf.fang.com/chushou/3_199413844.htm","2020年建","白沙洲"
"白沙洲-武昌南青菱西岸南郊路与杨林三路交汇处","90.49㎡","武汉","万科保利理想城市","（共6层）","双国企开发,万科物业,引进华师,主城区,总价低",NA,"南北向","114万",NA,"3室2厅","12598元/㎡","https://wuhan.esf.fang.com/chushou/3_199513340.htm","2006年建","白沙洲"
"白沙洲-南郊路与丽水路交汇处","113.4㎡","武汉","旭辉华宇江悦府","（共45层）","白沙洲精装新房,一线临江,22年底交房,物业,品质!",NA,"南北向","145万",NA,"3室2厅","12786元/㎡","https://wuhan.esf.fang.com/chushou/3_199379633.htm","2022年建","白沙洲"
"白沙洲-青菱新城","83㎡","武汉","武汉卓越城","（共6层）","单价7xxx起买洪山主城区 刚需福音盘 刚需面积段齐全",NA,"南向","63万",NA,"3室2厅","7590元/㎡","https://wuhan.esf.fang.com/chushou/3_199513314.htm","2006年建","白沙洲"
"南湖花园-丁字桥路与岭南路交汇处","142㎡","武汉","万科新都会","（共34层）","必看新房:武昌二环万科140㎡边户通透精装四房自带學校",NA,"南北向","328万",NA,"3室2厅","23098元/㎡","https://wuhan.esf.fang.com/chushou/3_199175276.htm","2019年建","南湖花园"
"白沙洲-旭辉江山境","129㎡","武汉","旭辉江山境","（共6层）","户型好,南面看江,北面看湖。高品质改善小区。性价比高 收藏",NA,"南北向","190万",NA,"3室2厅","14728元/㎡","https://wuhan.esf.fang.com/chushou/3_199202026.htm","2006年建","白沙洲"
"积玉桥-和平大道与新河街交汇处","115㎡","武汉","长江悦","（共45层）","(新房)央企华润开发,武昌滨江,江景住宅精装三房",NA,"南北向","326万",NA,"3室2厅","28347元/㎡","https://wuhan.esf.fang.com/chushou/3_199501417.htm","2018年建","积玉桥"
"白沙洲-白沙洲大道与江国路交汇处东南侧","104.61㎡","武汉","保利上城西区","（共40层）","诚心卖房 PH满二 单价低 精装有暖气 户型方正",NA,"南向","164万",NA,"3室2厅","15677元/㎡","https://wuhan.esf.fang.com/chushou/3_199057855.htm","2020年建","白沙洲"
"白沙洲-青菱新城","83㎡","武汉","武汉卓越城","（共32层）","新房:95平三房+南北通透边户+单价低+首付低+入住洪山主城",NA,"南北向","69.2万",NA,"3室2厅","8337元/㎡","https://wuhan.esf.fang.com/chushou/3_199422778.htm","","白沙洲"
"白沙洲-烽胜路与八坦北路交汇处(张家湾社区旁)","101.54㎡","武汉","保利新武昌","（共33层）","5号线张家湾保利开发K4地块 中间楼层 品质小区 诚意出售",NA,"南北向","194万",NA,"3室1厅","19105元/㎡","https://wuhan.esf.fang.com/chushou/3_199048518.htm","2020年建","白沙洲"
"白沙洲-洪山区白沙洲大道与八坦路交叉路口","111.98㎡","武汉","中建铂公馆","（共33层）","央企中建准现房!共享龙湖天街,2环白沙之心,毛坯3室",NA,"南北向","170万",NA,"3室2厅","15181元/㎡","https://wuhan.esf.fang.com/chushou/3_199316279.htm","2022年建","白沙洲"
"白沙洲-青菱新城","95.2㎡","武汉","武汉卓越城","（共32层）","新房:95平三房+南北通透边户+单价低+首付低+入住洪山主城",NA,"南北向","80.5万",NA,"3室2厅","8455元/㎡","https://wuhan.esf.fang.com/chushou/3_199395975.htm","","白沙洲"
"白沙洲-武昌南青菱西岸南郊路与杨林三路交汇处","112㎡","武汉","万科保利理想城市","（共6层）","终撑不住,万科保利理想城顺应市场,读华师中小學",NA,"南北向","115万",NA,"3室2厅","10267元/㎡","https://wuhan.esf.fang.com/chushou/3_199314836.htm","2022年建","白沙洲"
"白沙洲-白沙洲大道与江国路交汇处东南侧","78.88㎡","武汉","保利上城西区","（共38层）","保利上城西区 78.88平2居 南向精装修 视野无遮挡",NA,"南向","112万",NA,"2室2厅","14198元/㎡","https://wuhan.esf.fang.com/chushou/3_199450632.htm","2020年建","白沙洲"
"徐东-保利城","75㎡","武汉","保利城","（共29层）","开发商直签75-128平 稀缺两房 内环豪宅保利城七期",NA,"南向","149万",NA,"2室1厅","19866元/㎡","https://wuhan.esf.fang.com/chushou/3_199422936.htm","2021年建","徐东"
"白沙洲-青菱新城南郊路与建阳四路交汇处以东","99.11㎡","武汉","南益名悦华府","（共6层）","白沙洲准现房 今年交付 毛坯大三房 不但任何 单价1万",NA,"南北向","110万",NA,"3室2厅","11098元/㎡","https://wuhan.esf.fang.com/chushou/3_199369871.htm","2021年建","白沙洲"
"白沙洲-白沙洲大道与园艺二路交汇处","160㎡","武汉","和雅东方","（共3层）","武昌三环,口‘一线湖景别墅,送露台花园,和雅东方",NA,"南向","298万",NA,"4室2厅","18625元/㎡","https://wuhan.esf.fang.com/chushou/3_199304095.htm","2022年建","白沙洲"
"白沙洲-万科城市之光","117㎡","武汉","万科城市之光","（共32层）","必看好房:武昌二环万科117㎡精装修三房正地铁对口华师带商业",NA,"南北向","208万",NA,"3室2厅","17777元/㎡","https://wuhan.esf.fang.com/chushou/3_199214935.htm","2019年建","白沙洲"
"白沙洲-洪山区白沙洲大道与八坦路交叉路口","111.89㎡","武汉","中建铂公馆","（共48层）","武昌新二环,精装+12号线地铁口,中建铂公馆,自带龙湖天街",NA,"南北向","200万",NA,"3室2厅","17874元/㎡","https://wuhan.esf.fang.com/chushou/3_199471270.htm","2022年建","白沙洲"
"白沙洲-万科光澜道","95㎡","武汉","万科光澜道","（共6层）","仅1套!武昌新二环12地鉄口,万科光澜道,3000精装带暖",NA,"南北向","148万",NA,"3室2厅","15578元/㎡","https://wuhan.esf.fang.com/chushou/3_199314857.htm","2022年建","白沙洲"
"白沙洲-白沙四路与长征三路交汇处","110.2㎡","武汉","城投联投江南岸","（共32层）","新房:110毛坯三房+临江滩+12号地鉄口+离江200米",NA,"南北向","193.2万",NA,"3室2厅","17531元/㎡","https://wuhan.esf.fang.com/chushou/3_199381053.htm","","白沙洲"
"南湖花园-丁字桥路与岭南路交汇处","125.58㎡","武汉","万科新都会","（共50层）","万科准现房+武昌核心丁字桥+精装通透三房+配套齐全",NA,"南北向","318万",NA,"3室2厅","25322元/㎡","https://wuhan.esf.fang.com/chushou/3_199387040.htm","2022年建","南湖花园"
"白沙洲-白沙洲大道与园艺二路交汇处","95㎡","武汉","和雅东方","（共33层）","房+送精装修+白沙洲C位一线双湖景+",NA,"南北向","142万",NA,"3室2厅","14947元/㎡","https://wuhan.esf.fang.com/chushou/3_199325939.htm","2019年建","白沙洲"
"南湖花园-丁字桥路与岭南路交汇处","125㎡","武汉","万科新都会","（共34层）","精选新房:万科都会系125㎡精装品质豪宅视野无遮挡二环地段",NA,"南北向","306万",NA,"3室2厅","24480元/㎡","https://wuhan.esf.fang.com/chushou/3_199059722.htm","2019年建","南湖花园"
"白沙洲-洪山区白沙洲大道与八坦路交叉路口","155.75㎡","武汉","中建铂公馆","（共20层）","洪山区白沙洲二环 中建铂公馆毛坏房 新房免佣 可享团购折扣",NA,"南北向","287万",NA,"4室2厅","18426元/㎡","https://wuhan.esf.fang.com/chushou/3_199486448.htm","2021年建","白沙洲"
"白沙洲-南郊路与三环交汇处","99㎡","武汉","新力城","（共28层）","新力城 武昌白沙洲三环边口 一线湖景 精装修现房 首付两成",NA,"南北向","131万",NA,"3室2厅","13232元/㎡","https://wuhan.esf.fang.com/chushou/3_199123438.htm","2020年建","白沙洲"
"南湖花园-丁字桥路与岭南路交汇处","140.36㎡","武汉","万科新都会","（共6层）","商圈,医疗,教育,交通都齐全,万科品质,精装交付",NA,"南向","356万",NA,"4室2厅","25363元/㎡","https://wuhan.esf.fang.com/chushou/3_199440268.htm","2006年建","南湖花园"
"中北路-公正路29号(湖北省国土资源厅旁)","215㎡","武汉","沙湖九号","（共46层）","新房直销,无内环沙湖百亿汉街旁,天幕精装",NA,"南向","705万",NA,"5室3厅","32790元/㎡","https://wuhan.esf.fang.com/chushou/3_199131557.htm","2020年建","中北路"
"白沙洲-洪山区白沙洲大道与八坦路交叉路口","124.2㎡","武汉","中建铂公馆","（共33层）","三环内交通口 中建铂公馆回归 下楼就有商业 毛坯交付",NA,"南北向","220万",NA,"4室2厅","17713元/㎡","https://wuhan.esf.fang.com/chushou/3_199501082.htm","2020年建","白沙洲"
"白沙洲-洪山区白沙洲大道与八坦路交叉路口","123.89㎡","武汉","中建铂公馆","（共48层）","武昌新二环,12号线地铁口,中建铂公馆,自带龙湖天街",NA,"南北向","215万",NA,"3室2厅","17354元/㎡","https://wuhan.esf.fang.com/chushou/3_199471304.htm","2022年建","白沙洲"
"徐东-杨园南路与北洋桥路交汇处","109㎡","武汉","朗诗熙华府","（共45层）","武昌内环徐东核心,捡漏1.88!!科技豪宅,南北通透配套齐全",NA,"南北向","211万",NA,"3室2厅","19357元/㎡","https://wuhan.esf.fang.com/chushou/3_199304791.htm","2022年建","徐东"
"积玉桥-和平大道、临江大道与新生路交汇处","313㎡","武汉","联投中心","（共45层）","新房:武昌滨江大平层,270度环幕长江沙湖,公摊仅20.5%",NA,"南北向","850万",NA,"5室2厅","27156元/㎡","https://wuhan.esf.fang.com/chushou/3_199406733.htm","2021年建","积玉桥"
"白沙洲-旭辉江山境","138.78㎡","武汉","旭辉江山境","（共45层）","现房+旭辉江山境+精装修+临江而居+不限够",NA,"南北向","188万",NA,"4室2厅","13546元/㎡","https://wuhan.esf.fang.com/chushou/3_199481421.htm","2022年建","白沙洲"
"白沙洲-南郊路与丽水路交汇处","114.34㎡","武汉","旭辉华宇江悦府","（共33层）","3室2厅精装修 旭辉华宇江悦府 采光好周边配套成熟 准现房",NA,"南北向","148万",NA,"3室2厅","12943元/㎡","https://wuhan.esf.fang.com/chushou/3_199375253.htm","2020年建","白沙洲"
"南湖花园-南湖路(长虹中学旁)","130.61㎡","武汉","新力雅园","（共6层）","南湖核心地段 天地雅园 精装毛坯可选 经典三房 生活便利",NA,"南北向","196.8万",NA,"3室2厅","15067元/㎡","https://wuhan.esf.fang.com/chushou/3_199345251.htm","2019年建","南湖花园"
"白沙洲-青菱街丽水路与南郊路交汇处","100.66㎡","武汉","美好长江首玺","（共34层）","白沙洲三环精装修首付40万送家具家电",NA,"南向","130万",NA,"3室2厅","12914元/㎡","https://wuhan.esf.fang.com/chushou/3_198765842.htm","2021年建","白沙洲"
"白沙洲-南郊路与三环交汇处","115㎡","武汉","新力城","（共6层）","新力城 武昌滨江 单价低至13000 准现房 电梯入户",NA,"南北向","138万",NA,"3室2厅","12000元/㎡","https://wuhan.esf.fang.com/chushou/3_199242623.htm","2006年建","白沙洲"
"白沙洲-武昌南青菱西岸南郊路与杨林三路交汇处","112.36㎡","武汉","万科保利理想城市","（共35层）","洪山主城区+万科精装+华师12年一站式+自带15万方商业街",NA,"南北向","120万",NA,"3室2厅","10679元/㎡","https://wuhan.esf.fang.com/chushou/3_199323736.htm","2021年建","白沙洲"
"白沙洲-万科城市之光","117㎡","武汉","万科城市之光","（共32层）","必看好房:武昌新二环万科新房117㎡精装三房自带商业体及學校",NA,"南北向","208万",NA,"3室2厅","17777元/㎡","https://wuhan.esf.fang.com/chushou/3_199174496.htm","2019年建","白沙洲"
"白沙洲-南郊路与丽水路交汇处","114㎡","武汉","旭辉华宇江悦府","（共6层）","精装交付,准现房,周边配套齐全,旭辉的品质,户型方正",NA,"南北向","149.6万",NA,"3室2厅","13122元/㎡","https://wuhan.esf.fang.com/chushou/3_199275378.htm","2019年建","白沙洲"
"南湖花园-丁字桥路与岭南路交汇处","140.16㎡","武汉","万科新都会","（共50层）","万科准现房!武昌2环,对口省重点武珞路和卓刀泉中小學",NA,"南北向","325万",NA,"4室2厅","23187元/㎡","https://wuhan.esf.fang.com/chushou/3_199316214.htm","2022年建","南湖花园"
"徐东-杨园南路与北洋桥路交汇处","148㎡","武汉","朗诗熙华府","（共45层）","武昌内环滨江商务区 18800, 恒温恒氧 精装交付",NA,"南向","288万",NA,"4室2厅","19459元/㎡","https://wuhan.esf.fang.com/chushou/3_199513325.htm","2022年建","徐东"
"中北路-中北路171号(中北路与东沙大道交汇处)","264㎡","武汉","万达御湖汉印","（共6层）","武昌核心 万达御湖汉印 好圈层 天幕精装大平层 全屋智能",NA,"南北向","901万",NA,"4室2厅","34128元/㎡","https://wuhan.esf.fang.com/chushou/3_199244801.htm","2006年建","中北路"
"武泰闸烽火-保利上城","116.2㎡","武汉","保利上城","（共34层）","保利上城 3室2厅 116.2平",NA,"南向","189万",NA,"3室2厅","16265元/㎡","https://wuhan.esf.fang.com/chushou/3_199450670.htm","2019年建","武泰闸烽火"
"南湖花园-丁字桥路与岭南路交汇处","133㎡","武汉","万科新都会","（共34层）","必看好房:武昌丁字桥二环万科133㎡边户通透精装三房视野开阔",NA,"南北向","320万",NA,"3室2厅","24060元/㎡","https://wuhan.esf.fang.com/chushou/3_199060740.htm","2019年建","南湖花园"
"徐家棚-徐东二路2号","139.58㎡","武汉","水岸星城","（共5层）","东边户3楼洋房诚心出售 公摊小 光线",NA,"南北向","425万",NA,"3室2厅","30448元/㎡","https://wuhan.esf.fang.com/chushou/3_198647900.htm","2006年建","徐家棚"
"白沙洲-青菱新城","94.2㎡","武汉","武汉卓越城","（共32层）","新房:94平三房+毛坯住宅+三开间朝南+大阳台+配套环境好",NA,"南北向","80.7万",NA,"3室2厅","8566元/㎡","https://wuhan.esf.fang.com/chushou/3_199395997.htm","","白沙洲"
"白沙洲-白沙洲大道与园艺二路交汇处","160㎡","武汉","和雅东方","（共3层）","武昌三环口首付74万入住一线湖景别墅 送和花园",NA,"南向","300万",NA,"4室2厅","18750元/㎡","https://wuhan.esf.fang.com/chushou/3_199240062.htm","2022年建","白沙洲"
"积玉桥-和平大道与新河街交汇处","115㎡","武汉","长江悦","（共45层）","(新房)央企华润开发,武昌滨江,江景住宅精装三房",NA,"南北向","326万",NA,"3室2厅","28347元/㎡","https://wuhan.esf.fang.com/chushou/3_199501416.htm","2018年建","积玉桥"
"南湖花园-武昌南湖新城建安街特1号","124.77㎡","武汉","水域天际","（共11层）","水域天际 3室2厅 124.77平",NA,"南北向","398万",NA,"3室2厅","31898元/㎡","https://wuhan.esf.fang.com/chushou/3_199381967.htm","2007年建","南湖花园"
"白沙洲-白沙洲大道与园艺二路交汇处","95㎡","武汉","和雅东方","（共6层）","紧邻白沙洲青菱湖+配套齐全+超大豪宅阳台+学府为邻",NA,"南北向","119万",NA,"3室2厅","12526元/㎡","https://wuhan.esf.fang.com/chushou/3_199327483.htm","2019年建","白沙洲"
"南湖花园-丁字桥路与岭南路交汇处","140.16㎡","武汉","万科新都会","（共38层）","必看好房:武昌二环丁字桥,万科精装通透4房+配套成熟",NA,"南北向","325.8万",NA,"4室2厅","23244元/㎡","https://wuhan.esf.fang.com/chushou/3_199205045.htm","2020年建","南湖花园"
"白沙洲-旭辉江山境","173㎡","武汉","旭辉江山境","（共6层）","武昌滨江现房 旭辉品质大平层270度看江 180观景阳台精装",NA,"南北向","270万",NA,"4室2厅","15606元/㎡","https://wuhan.esf.fang.com/chushou/3_199513321.htm","2006年建","白沙洲"
"白沙洲-青菱新城南郊路与建阳四路交汇处以东","114.65㎡","武汉","南益名悦华府","（共6层）","青菱 在售现房 毛坯交付单价1.1W起 有特价房源价格优惠",NA,"南向","114万",NA,"3室2厅","9943元/㎡","https://wuhan.esf.fang.com/chushou/3_199238771.htm","2006年建","白沙洲"
"中北路-中北路171号(中北路与东沙大道交汇处)","239.29㎡","武汉","汉街壹号公馆","（共47层）","汉街壹号公馆前排临汉街239平 无遮挡日照采光充足 送大露台",NA,"南北向","866万",NA,"4室2厅","36190元/㎡","https://wuhan.esf.fang.com/chushou/3_198891669.htm","2015年建","中北路"
"白沙洲-洪山区白沙洲大道与八坦路交叉路口","111.98㎡","武汉","中建铂公馆","（共33层）","准现房!武昌二环十12号地鉄,中建铂公馆,自带龙湖天街",NA,"南北向","176万",NA,"3室2厅","15717元/㎡","https://wuhan.esf.fang.com/chushou/3_199501083.htm","2022年建","白沙洲"
"徐东-保利城","128㎡","武汉","保利城","（共33层）","徐东核心 保利城七期 收尾制作 毛坯交付 75-128平",NA,"南北向","245万",NA,"3室2厅","19140元/㎡","https://wuhan.esf.fang.com/chushou/3_199464929.htm","2016年建","徐东"
"白沙洲-青菱新城","95.2㎡","武汉","武汉卓越城","（共32层）","新房:95平三房+南北通透边户+单价低+首付低+入住洪山主城",NA,"南北向","80.5万",NA,"3室2厅","8455元/㎡","https://wuhan.esf.fang.com/chushou/3_199395975.htm","","白沙洲"
"南湖花园-丁字桥路与岭南路交汇处","118㎡","武汉","万科新都会","（共6层）","二环内少量的新房,南湖,大平层,万科物业,关注点收藏",NA,"南向","319万",NA,"3室2厅","27033元/㎡","https://wuhan.esf.fang.com/chushou/3_199198444.htm","2006年建","南湖花园"
"徐东-杨园南路与北洋桥路交汇处","80.33㎡","武汉","朗诗熙华府","（共45层）","阿里88总部旁,朗诗熙华府,徐东内环核心,恒温恒氧科技住宅",NA,"南北向","175万",NA,"2室2厅","21785元/㎡","https://wuhan.esf.fang.com/chushou/3_199315592.htm","2022年建","徐东"
"武昌核心-珞狮路与雄楚大道交汇处","53㎡","武汉","诚功新时代","（共32层）","小户型 明星房 潘长江 口 精装修 刚需投资 诚功",NA,"南北向","138万",NA,"2室2厅","26037元/㎡","https://wuhan.esf.fang.com/chushou/3_199248852.htm","2021年建","武昌核心"
"白沙洲-青菱大道与杨林二路交会处","112.56㎡","武汉","大华公园城市","（共18层）","精装+小高层+不限够+首付2成+洪山主城区准现房+华师旁",NA,"南北向","115万",NA,"4室2厅","10216元/㎡","https://wuhan.esf.fang.com/chushou/3_199361259.htm","2021年建","白沙洲"
"徐东-保利城","111㎡","武汉","保利城","（共33层）","实际1万8!1.5环保利城,央企180万方毛坯大盘,双地鉄",NA,"南向","220万",NA,"3室2厅","19819元/㎡","https://wuhan.esf.fang.com/chushou/3_199344313.htm","2022年建","徐东"
"武昌核心-珞狮路与雄楚大道交汇处","69.11㎡","武汉","诚功新时代","（共32层）","新房 二环内 街道口 精装70年产权 小户型",NA,"南北向","155万",NA,"3室2厅","22428元/㎡","https://wuhan.esf.fang.com/chushou/3_199248853.htm","2021年建","武昌核心"
"积玉桥-和平大道与新河街交汇处","115㎡","武汉","长江悦","（共45层）","(新房)央企华润开发,武昌滨江,江景住宅精装三房",NA,"南北向","326万",NA,"3室2厅","28347元/㎡","https://wuhan.esf.fang.com/chushou/3_199501417.htm","2018年建","积玉桥"
"白沙洲-洪山区白沙洲大道与八坦路交叉路口","125.97㎡","武汉","中建铂公馆","（共33层）","武昌中建铂公馆 新品加推精装 自带龙湖天街 稀缺双阳台户型",NA,"南北向","220万",NA,"3室2厅","17464元/㎡","https://wuhan.esf.fang.com/chushou/3_199464384.htm","2021年建","白沙洲"
"中北路-中北路171号(中北路与东沙大道交汇处)","239.29㎡","武汉","汉街壹号公馆","（共47层）","汉街壹号公馆前排临汉街239平 无遮挡日照采光充足 送大露台",NA,"南北向","866万",NA,"4室2厅","36190元/㎡","https://wuhan.esf.fang.com/chushou/3_198891669.htm","2015年建","中北路"
"积玉桥-和平大道与新河街交汇处","115㎡","武汉","长江悦","（共45层）","(新房)央企华润开发,武昌滨江,江景住宅精装三房",NA,"南北向","326万",NA,"3室2厅","28347元/㎡","https://wuhan.esf.fang.com/chushou/3_199501416.htm","2018年建","积玉桥"
"南湖花园-丁字桥路与岭南路交汇处","140.59㎡","武汉","万科新都会","（共50层）","武商梦时代旁 万科物业 近地铁口 无遮挡 对口武珞路卓刀泉",NA,"南向","358万",NA,"4室2厅","25464元/㎡","https://wuhan.esf.fang.com/chushou/3_199440265.htm","2022年建","南湖花园"
"白沙洲-旭辉江山境","173㎡","武汉","旭辉江山境","（共6层）","现有特价房,现房,四开间朝南,通风效果更佳,看江观湖 收藏",NA,"南北向","236.2万",NA,"4室2厅","13653元/㎡","https://wuhan.esf.fang.com/chushou/3_199197012.htm","2019年建","白沙洲"
"白沙洲-青菱新城","94.2㎡","武汉","武汉卓越城","（共32层）","新房:94平三房+毛坯住宅+三开间朝南+大阳台+配套环境好",NA,"南北向","80.7万",NA,"3室2厅","8566元/㎡","https://wuhan.esf.fang.com/chushou/3_199395997.htm","","白沙洲"
"南湖花园-南湖路(长虹中学旁)","121㎡","武汉","新力雅园","（共32层）","新力雅园 二环内,双地铁口 车位商业配套齐全 全程免费看房",NA,"南北向","200万",NA,"3室2厅","16528元/㎡","https://wuhan.esf.fang.com/chushou/3_199244699.htm","2021年建","南湖花园"
"白沙洲-旭辉江山境","178㎡","武汉","旭辉江山境","（共33层）","270度全景看江 170度观景阳台 地铁口 精装交付",NA,"南北向","270万",NA,"4室2厅","15168元/㎡","https://wuhan.esf.fang.com/chushou/3_199354557.htm","2020年建","白沙洲"
"白沙洲-白沙洲大道与园艺二路交汇处","95㎡","武汉","和雅东方","（共6层）","紧邻白沙洲青菱湖+配套齐全+超大豪宅阳台+学府为邻",NA,"南北向","119万",NA,"3室2厅","12526元/㎡","https://wuhan.esf.fang.com/chushou/3_199327483.htm","2019年建","白沙洲"
"白沙洲-青菱大道与杨林二路交会处","87.26㎡","武汉","大华公园城市","（共33层）","不限够+首付2成+洪山主城区+刚需3房+华师学府旁",NA,"南北向","82.5万",NA,"3室2厅","9454元/㎡","https://wuhan.esf.fang.com/chushou/3_199350423.htm","2021年建","白沙洲"
"白沙洲-万科光澜道","95㎡","武汉","万科光澜道","（共34层）","必看好房:万科光澜道新房95㎡精装三房自带商业体及华师學",NA,"南北向","169.8万",NA,"3室2厅","17873元/㎡","https://wuhan.esf.fang.com/chushou/3_199174833.htm","2019年建","白沙洲"
"南湖花园-南湖路(长虹中学旁)","95㎡","武汉","新力雅园","（共6层）","保价!2环内7地鉄口,天地新力雅园,现精装改毛坯",NA,"南向","165万",NA,"3室2厅","17368元/㎡","https://wuhan.esf.fang.com/chushou/3_199314868.htm","2022年建","南湖花园"
"白沙洲-青菱新城","83㎡","武汉","武汉卓越城","（共6层）","单价7xxx起买洪山主城区 刚需福音盘 刚需面积段齐全",NA,"南向","63万",NA,"3室2厅","7590元/㎡","https://wuhan.esf.fang.com/chushou/3_199513314.htm","2006年建","白沙洲"
"白沙洲-武昌南青菱西岸南郊路与杨林三路交汇处","112.34㎡","武汉","万科保利理想城市","（共6层）","终撑不住,万科保利理想城顺应市场,读华师中小學",NA,"南北向","115万",NA,"3室2厅","10236元/㎡","https://wuhan.esf.fang.com/chushou/3_199513344.htm","2022年建","白沙洲"
"南湖花园-南湖路(长虹中学旁)","103㎡","武汉","新力雅园","（共6层）","南湖长虹正对面,精装三房!!",NA,"南向","175万",NA,"3室2厅","16990元/㎡","https://wuhan.esf.fang.com/chushou/3_199491693.htm","2021年建","南湖花园"
"白沙洲-武昌南二环 白沙三路(青菱站)","73㎡","武汉","龙湖三千城光曜","（共21层）","白沙洲5号线口,龙湖天街,双复式,单价不过9千",NA,"南向","118万",NA,"2室2厅","16164元/㎡","https://wuhan.esf.fang.com/chushou/3_199000250.htm","2021年建","白沙洲"
"白沙洲-青菱街丽水路与南郊路交汇处","100.66㎡","武汉","美好长江首玺","（共34层）","武昌白沙洲三环 美好长江首玺 首付40万 精装修拎包入住",NA,"南向","130万",NA,"3室2厅","12914元/㎡","https://wuhan.esf.fang.com/chushou/3_199354591.htm","2021年建","白沙洲"
"白沙洲-旭辉江山境","173㎡","武汉","旭辉江山境","（共6层）","武昌滨江现房 旭辉品质大平层270度看江 180观景阳台精装",NA,"南北向","270万",NA,"4室2厅","15606元/㎡","https://wuhan.esf.fang.com/chushou/3_199513321.htm","2006年建","白沙洲"
"白沙洲-鄂旅投书院世家","122㎡","武汉","鄂旅投书院世家","（共34层）","现房+联排别墅+140平+70年联排独栋别墅+三面环湖",NA,"南向","275万",NA,"4室1厅","22540元/㎡","https://wuhan.esf.fang.com/chushou/3_199501958.htm","2018年建","白沙洲"
"白沙洲-南郊路与三环交汇处","99㎡","武汉","新力城","（共28层）","新力城 武昌白沙洲三环边口 一线湖景 精装修现房 首付两成",NA,"南北向","131万",NA,"3室2厅","13232元/㎡","https://wuhan.esf.fang.com/chushou/3_199123438.htm","2020年建","白沙洲"
"白沙洲-白沙四路与长征三路交汇处","110.2㎡","武汉","城投联投江南岸","（共32层）","新房:110毛坯三房+临江滩+12号地鉄口+离江200米",NA,"南北向","170万",NA,"3室2厅","15426元/㎡","https://wuhan.esf.fang.com/chushou/3_199346901.htm","","白沙洲"
"南湖花园-南湖路(长虹中学旁)","123.5㎡","武汉","新力雅园","（共33层）","新房:南湖特惠房源+地鉄口精装修121大三房+可接送看房",NA,"南北向","250.2万",NA,"3室2厅","20259元/㎡","https://wuhan.esf.fang.com/chushou/3_199396058.htm","","南湖花园"
"南湖花园-南湖路(长虹中学旁)","103㎡","武汉","新力雅园","（共6层）","今年底交房(特价送车位)新力雅园,武昌2环7号地鉄美宅",NA,"南向","170万",NA,"3室2厅","16504元/㎡","https://wuhan.esf.fang.com/chushou/3_199315425.htm","2022年建","南湖花园"
"徐东-杨园南路与北洋桥路交汇处","109㎡","武汉","朗诗熙华府","（共45层）","武昌内环徐东核心,捡漏1.88!!科技豪宅,南北通透配套齐全",NA,"南北向","211万",NA,"3室2厅","19357元/㎡","https://wuhan.esf.fang.com/chushou/3_199513318.htm","2022年建","徐东"
"白沙洲-武昌南青菱西岸南郊路与杨林三路交汇处","92.21㎡","武汉","万科保利理想城市","（共29层）","保价!双地鉄规划,万科保利理想城,读华师中小學,云帆街旁",NA,"南北向","95万",NA,"3室2厅","10302元/㎡","https://wuhan.esf.fang.com/chushou/3_199486468.htm","2022年建","白沙洲"
"白沙洲-新武金堤路与八坦路交叉口(向南前行200米)","140㎡","武汉","城投联投誉江南","（共33层）","武昌新二环江边+双国企现房+一线观江四房两卫",NA,"南北向","245万",NA,"4室2厅","17500元/㎡","https://wuhan.esf.fang.com/chushou/3_199503064.htm","2022年建","白沙洲"
"徐家棚-和平大道团结路交汇处","198㎡","武汉","龙湖清能天奕","（共42层）","清退房!奢装全进口家具,武昌滨江商务区,龙湖清能天奕直接认购",NA,"南北向","690万",NA,"4室2厅","34848元/㎡","https://wuhan.esf.fang.com/chushou/3_199315363.htm","2022年建","徐家棚"
"白沙洲-旭辉江山境","173.44㎡","武汉","旭辉江山境","（共55层）","一线临江+270度全景看江+170度观江大阳台+精装修现房",NA,"南北向","256万",NA,"4室2厅","14760元/㎡","https://wuhan.esf.fang.com/chushou/3_199481597.htm","2022年建","白沙洲"
"白沙洲-白沙洲大道与江国路交汇处东南侧","79.09㎡","武汉","保利上城西区","（共38层）","保利上城西区 高楼层 精装小两房 无贷款",NA,"南向","141万",NA,"2室2厅","17827元/㎡","https://wuhan.esf.fang.com/chushou/3_199413789.htm","2020年建","白沙洲"
"白沙洲-青菱街丽水路与南郊路交汇处","97㎡","武汉","美好长江首玺","（共33层）","来电享优惠 美好97平洪山区主城区+送全屋软装拎包入住",NA,"南北向","130.95万",NA,"3室2厅","13500元/㎡","https://wuhan.esf.fang.com/chushou/3_199143564.htm","2016年建","白沙洲"
"南湖花园-丁字桥路与岭南路交汇处","116.39㎡","武汉","万科新都会","（共34层）","冲刺新春认购!2环3地鉄万科新都会,武珞路十卓刀泉中小學",NA,"南北向","276万",NA,"3室2厅","23713元/㎡","https://wuhan.esf.fang.com/chushou/3_199316226.htm","2022年建","南湖花园"
"中北路-中北路171号(中北路与东沙大道交汇处)","264㎡","武汉","万达御湖汉印","（共6层）","武昌核心 万达御湖汉印 好圈层 天幕精装大平层 全屋智能",NA,"南北向","901万",NA,"4室2厅","34128元/㎡","https://wuhan.esf.fang.com/chushou/3_199244801.htm","2006年建","中北路"
"白沙洲-白沙心","106㎡","武汉","龙湖·天璞","（共35层）","武昌白沙洲 龙湖天字系列 高端品质住宅 自带天街",NA,"南北向","210万",NA,"3室2厅","19811元/㎡","https://wuhan.esf.fang.com/chushou/3_199510743.htm","2020年建","白沙洲"
"白沙洲-洪山区白沙洲大道与八坦路交叉路口","117.15㎡","武汉","中建铂公馆","（共34层）","冲刺新春认购!新2环中建铂公馆,天街學校齐全,毛坯价低自装修",NA,"南北向","178万",NA,"3室2厅","15194元/㎡","https://wuhan.esf.fang.com/chushou/3_199486472.htm","2022年建","白沙洲"
"南湖花园-丁字桥路与岭南路交汇处","140.16㎡","武汉","万科新都会","（共38层）","必看好房:武昌二环丁字桥,万科精装通透4房+配套成熟",NA,"南北向","325.8万",NA,"4室2厅","23244元/㎡","https://wuhan.esf.fang.com/chushou/3_199205050.htm","2020年建","南湖花园"
"徐东-保利城","128㎡","武汉","保利城","（共33层）","徐东核心 保利城七期 收尾制作 毛坯交付 75-128平",NA,"南北向","245万",NA,"3室2厅","19140元/㎡","https://wuhan.esf.fang.com/chushou/3_199422934.htm","2016年建","徐东"
"白沙洲-洪山区白沙洲大道与八坦路交叉路口","111.3㎡","武汉","中建铂公馆","（共48层）","武昌新二环,12号线地铁口,中建铂公馆,自带龙湖天街",NA,"南北向","200万",NA,"3室2厅","17969元/㎡","https://wuhan.esf.fang.com/chushou/3_199471229.htm","2022年建","白沙洲"
"南湖花园-丁字桥路与岭南路交汇处","125.58㎡","武汉","万科新都会","（共37层）","万科准现房+武昌核心丁字桥+精装通透三房+配套齐全",NA,"南北向","340万",NA,"3室2厅","27074元/㎡","https://wuhan.esf.fang.com/chushou/3_198968071.htm","2020年建","南湖花园"
"白沙洲-洪山区白沙洲大道与八坦路交叉路口","155.75㎡","武汉","中建铂公馆","（共20层）","洪山区白沙洲二环 中建铂公馆毛坏房 新房免佣 可享团购折扣",NA,"南北向","287万",NA,"4室2厅","18426元/㎡","https://wuhan.esf.fang.com/chushou/3_199486448.htm","2021年建","白沙洲"
"白沙洲-旭辉江山境","140.83㎡","武汉","旭辉江山境","（共57层）","武昌一线滨江,大户型旭辉品质江景房,270度观江!舍我其谁!",NA,"南北向","186万",NA,"4室2厅","13207元/㎡","https://wuhan.esf.fang.com/chushou/3_199354568.htm","2021年建","白沙洲"
"白沙洲-武昌南青菱西岸南郊路与杨林三路交汇处","96.48㎡","武汉","万科保利理想城市","（共34层）","开发商卖新房不会对自访的客户放折扣。中介带您买房都是营销费用",NA,"南北向","100万",NA,"3室2厅","10364元/㎡","https://wuhan.esf.fang.com/chushou/3_199070475.htm","2019年建","白沙洲"
"中北路-中北路171号(中北路与东沙大道交汇处)","229㎡","武汉","万达御湖汉印","（共32层）","武昌汉街核心,万达御湖汉印,天幕大平层动静分区。可看两湖一江",NA,"南北向","998万",NA,"4室2厅","43580元/㎡","https://wuhan.esf.fang.com/chushou/3_198834296.htm","2021年建","中北路"
"白沙洲-白沙四路与长征三路交汇处","170.2㎡","武汉","城投联投江南岸","（共32层）","新房:170平南北通透大气四房+超大阳台+可看江+方正户型",NA,"南北向","294.1万",NA,"4室2厅","17279元/㎡","https://wuhan.esf.fang.com/chushou/3_199380986.htm","","白沙洲"
"白沙洲-洪山区白沙洲大道与八坦路交叉路口","159.62㎡","武汉","中建铂公馆","（共34层）","新二环,5十12号地鉄,央企中建铂公馆,毛坯通透大4房",NA,"南北向","232万",NA,"4室2厅","14534元/㎡","https://wuhan.esf.fang.com/chushou/3_199316305.htm","2022年建","白沙洲"
"中北路-中北路101号","175.41㎡","武汉","海山金谷","（共33层）","板楼四房中央空调一步到位 有子母车位南北通透地源热泵",NA,"南北向","610万",NA,"4室2厅","34775元/㎡","https://wuhan.esf.fang.com/chushou/3_199369604.htm","2012年建","中北路"
"白沙洲-武昌南青菱西岸南郊路与杨林三路交汇处","91㎡","武汉","万科保利理想城市","（共6层）","3.25利率!双央企开发十万科物业,引进华师中小學,万科保利",NA,"南北向","93万",NA,"3室2厅","10219元/㎡","https://wuhan.esf.fang.com/chushou/3_199314829.htm","2022年建","白沙洲"
"徐东-保利城","111㎡","武汉","保利城","（共34层）","开发商直签75-128平 单价2W 内环豪宅保利城七期 毛坯",NA,"南北向","212万",NA,"3室2厅","19099元/㎡","https://wuhan.esf.fang.com/chushou/3_199422938.htm","2021年建","徐东"
"南湖花园-南湖路(长虹中学旁)","103㎡","武汉","新力雅园","（共58层）","新力雅园 毛坯1.7万起 武昌二环 7号线建安街正口",NA,"南向","175万",NA,"3室2厅","16990元/㎡","https://wuhan.esf.fang.com/chushou/3_199491860.htm","2006年建","南湖花园"
"徐东-杨园南路与北洋桥路交汇处","124.56㎡","武汉","朗诗熙华府","（共45层）","武昌内环,徐东核心,恒温科技豪宅,南北通透,配套齐全",NA,"南北向","245万",NA,"3室2厅","19669元/㎡","https://wuhan.esf.fang.com/chushou/3_199173095.htm","2021年建","徐东"
"白沙洲-旭辉江山境","178㎡","武汉","旭辉江山境","（共33层）","270度全景看江 170度观景阳台 地铁口 精装交付",NA,"南北向","270万",NA,"4室2厅","15168元/㎡","https://wuhan.esf.fang.com/chushou/3_199354557.htm","2020年建","白沙洲"
"中北路-中北路171号(中北路与东沙大道交汇处)","264㎡","武汉","万达御湖汉印","（共6层）","武昌核心 万达御湖汉印 好圈层 天幕精装大平层 全屋智能",NA,"南北向","901万",NA,"4室2厅","34128元/㎡","https://wuhan.esf.fang.com/chushou/3_199244801.htm","2006年建","中北路"
"白沙洲-青菱大道与杨林二路交会处","96.18㎡","武汉","大华公园城市","（共34层）","准现房+小高层+不限够+洪山区+通透3房+华师学府旁+配套好",NA,"南北向","100万",NA,"3室2厅","10397元/㎡","https://wuhan.esf.fang.com/chushou/3_199350490.htm","2021年建","白沙洲"
"白沙洲-武昌南二环 白沙三路(青菱站)","73㎡","武汉","龙湖三千城光曜","（共21层）","白沙洲5号线口,龙湖天街,双复式,单价不过9千",NA,"南向","118万",NA,"2室2厅","16164元/㎡","https://wuhan.esf.fang.com/chushou/3_199000250.htm","2021年建","白沙洲"
"白沙洲-青菱新城","95㎡","武汉","武汉卓越城","（共32层）","新房:95平三房+南北通透边户+单价低+首付低+入住洪山主城",NA,"南北向","80.5万",NA,"3室2厅","8473元/㎡","https://wuhan.esf.fang.com/chushou/3_199422764.htm","","白沙洲"
"白沙洲-武昌南青菱西岸南郊路与杨林三路交汇处","112.58㎡","武汉","万科保利理想城市","（共35层）","洪山主城区+华师12年一站式+自带15万方商业街",NA,"南北向","120万",NA,"3室2厅","10659元/㎡","https://wuhan.esf.fang.com/chushou/3_199323744.htm","2021年建","白沙洲"
"南湖花园-丁字桥路与岭南路交汇处","140.36㎡","武汉","万科新都会","（共6层）","商圈,医疗,教育,交通都齐全,万科品质,精装交付",NA,"南向","356万",NA,"4室2厅","25363元/㎡","https://wuhan.esf.fang.com/chushou/3_199440268.htm","2006年建","南湖花园"
"积玉桥-和平大道与新河街交汇处","115㎡","武汉","长江悦","（共45层）","(新房)央企华润开发,武昌滨江,江景住宅精装三房",NA,"南北向","326万",NA,"3室2厅","28347元/㎡","https://wuhan.esf.fang.com/chushou/3_199501417.htm","2018年建","积玉桥"
"积玉桥-和平大道与新河街交汇处","140㎡","武汉","长江悦","（共40层）","清盘2.8W起 武昌滨江 长江悦 国企央企 江景精装通透四房",NA,"南北向","405万",NA,"4室2厅","28928元/㎡","https://wuhan.esf.fang.com/chushou/3_199501424.htm","2022年建","积玉桥"
"白沙洲-白沙四路与长征三路交汇处","170.2㎡","武汉","城投联投江南岸","（共32层）","新房:170平南北通透大气四房+超大阳台+可看江+方正户型",NA,"南北向","294.1万",NA,"4室2厅","17279元/㎡","https://wuhan.esf.fang.com/chushou/3_199380986.htm","","白沙洲"
"徐东-保利城","76㎡","武汉","保利城","（共34层）","来电享团购价 开发商直签75-128平 内环豪宅保利城七期",NA,"南北向","145万",NA,"3室2厅","19078元/㎡","https://wuhan.esf.fang.com/chushou/3_199433251.htm","2021年建","徐东"
"白沙洲-白沙四路与长征三路交汇处","170.2㎡","武汉","城投联投江南岸","（共32层）","新房:170平南北通透大气四房+超大阳台+可看江+方正户型",NA,"南北向","294.1万",NA,"4室2厅","17279元/㎡","https://wuhan.esf.fang.com/chushou/3_199380986.htm","","白沙洲"
"白沙洲-青菱街丽水路与南郊路交汇处","97㎡","武汉","美好长江首玺","（共33层）","美好长江首玺97平洪山区主城区+送全屋软装拎包入住房",NA,"南北向","125万",NA,"3室2厅","12886元/㎡","https://wuhan.esf.fang.com/chushou/3_199389292.htm","2016年建","白沙洲"
"徐东-保利城","128㎡","武汉","保利城","（共33层）","徐东核心 保利城七期 收尾制作 毛坯交付 75-128平",NA,"南北向","245万",NA,"3室2厅","19140元/㎡","https://wuhan.esf.fang.com/chushou/3_199464929.htm","2016年建","徐东"
"中北路-沙湖大道与公正路交汇处","215㎡","武汉","融创中心武汉壹号院","（共27层）","融创武汉壹号院加推210-237,纯板式34000毛坯豪宅",NA,"南北向","760万",NA,"4室2厅","35348元/㎡","https://wuhan.esf.fang.com/chushou/3_198416454.htm","2018年建","中北路"
"南湖花园-丁字桥路与岭南路交汇处","140㎡","武汉","万科新都会","（共34层）","必看新房:武昌洪山丁字桥万科140㎡边户通透精装三房自带學校",NA,"南北向","338万",NA,"4室2厅","24142元/㎡","https://wuhan.esf.fang.com/chushou/3_199149197.htm","2019年建","南湖花园"
"徐东-保利城","75㎡","武汉","保利城","（共6层）","保利城云庭马上开盘,开发商内渠专享通道 !",NA,"南北向","143万",NA,"2室2厅","19066元/㎡","https://wuhan.esf.fang.com/chushou/3_199422930.htm","2021年建","徐东"
"南湖花园-丁字桥路与岭南路交汇处","125㎡","武汉","万科新都会","（共34层）","精选新房:万科都会系125㎡精装品质豪宅视野无遮挡二环地段",NA,"南北向","306万",NA,"3室2厅","24480元/㎡","https://wuhan.esf.fang.com/chushou/3_199059722.htm","2019年建","南湖花园"
"白沙洲-青菱街丽水路与南郊路交汇处","97㎡","武汉","美好长江首玺","（共33层）","送电视送空调送桌椅床,美好长江首玺,双學区精装准现房",NA,"南北向","109.5万",NA,"3室2厅","11288元/㎡","https://wuhan.esf.fang.com/chushou/3_199314874.htm","2022年建","白沙洲"
"南湖花园-丁字桥路与岭南路交汇处","118㎡","武汉","万科新都会","（共34层）","必看新房:万科新都会118㎡精装修三房商业开阔自带學校",NA,"南北向","280万",NA,"3室2厅","23728元/㎡","https://wuhan.esf.fang.com/chushou/3_199175219.htm","2019年建","南湖花园"
"白沙洲-万科城市之光","95㎡","武汉","万科城市之光","（共32层）","必看好房:万科95㎡精装修三房正地铁口对口华师自带商业体",NA,"南北向","169万",NA,"3室2厅","17789元/㎡","https://wuhan.esf.fang.com/chushou/3_199214826.htm","2019年建","白沙洲"
"南湖花园-文馨街108号","98.98㎡","武汉","大华南湖公园世家三期","（共26层）","8号线文昌路站 读英格ZX 次新小区 精装满二",NA,"南北向","249万",NA,"3室1厅","25156元/㎡","https://wuhan.esf.fang.com/chushou/3_199002238.htm","2013年建","南湖花园"
"白沙洲-武昌南青菱西岸南郊路与杨林三路交汇处","96.48㎡","武汉","万科保利理想城市","（共34层）","开发商卖新房不会对自访的客户放折扣。中介带您买房都是营销费用",NA,"南北向","100万",NA,"3室2厅","10364元/㎡","https://wuhan.esf.fang.com/chushou/3_199070475.htm","2019年建","白沙洲"
"南湖花园-丁字桥路与岭南路交汇处","125.58㎡","武汉","万科新都会","（共50层）","万科准现房+武昌核心丁字桥+精装通透三房+配套齐全",NA,"南北向","318万",NA,"3室2厅","25322元/㎡","https://wuhan.esf.fang.com/chushou/3_199440272.htm","2022年建","南湖花园"
"南湖花园-丁字桥路与岭南路交汇处","133.2㎡","武汉","万科新都会","（共32层）","新房:133平精装修大气三房+丁字桥+理工大学旁+品质物业",NA,"南北向","332.5万",NA,"3室2厅","24962元/㎡","https://wuhan.esf.fang.com/chushou/3_199391544.htm","","南湖花园"
"南湖花园-南湖路(长虹中学旁)","103㎡","武汉","新力雅园","（共6层）","武昌二环 建安街正口 新力雅园1.7万起倒挂周边二手5千",NA,"南向","175万",NA,"3室2厅","16990元/㎡","https://wuhan.esf.fang.com/chushou/3_199484162.htm","2006年建","南湖花园"
"白沙洲-洪山区白沙洲大道与八坦路交叉路口","155.75㎡","武汉","中建铂公馆","（共20层）","洪山区白沙洲二环 中建铂公馆毛坏房 新房免佣 可享团购折扣",NA,"南北向","287万",NA,"4室2厅","18426元/㎡","https://wuhan.esf.fang.com/chushou/3_199486448.htm","2021年建","白沙洲"
"徐家棚-和平大道750号","142.23㎡","武汉","绿地国际金融城二期","（共32层）","正地铁口,老证高层。小面积看江。双阳台通透户型",NA,"西南向","440万",NA,"3室2厅","30935元/㎡","https://wuhan.esf.fang.com/chushou/3_198656388.htm","2015年建","徐家棚"
"中北路-公正路29号(湖北省国土资源厅旁)","202㎡","武汉","沙湖九号","（共51层）","武昌内环工抵房沙湖9号一线精装湖景现房",NA,"南向","866万",NA,"4室2厅","42871元/㎡","https://wuhan.esf.fang.com/chushou/3_199079735.htm","2020年建","中北路"
"南湖花园-丁字桥路与岭南路交汇处","140.16㎡","武汉","万科新都会","（共38层）","必看好房:武昌二环丁字桥,万科精装通透4房+配套成熟",NA,"南北向","325.8万",NA,"4室2厅","23244元/㎡","https://wuhan.esf.fang.com/chushou/3_199205050.htm","2020年建","南湖花园"
"南湖花园-丁字桥路与岭南路交汇处","125㎡","武汉","万科新都会","（共34层）","必看好房:武昌二环丁字桥万科品牌125㎡精装三房通透视野开阔",NA,"南北向","301万",NA,"3室2厅","24080元/㎡","https://wuhan.esf.fang.com/chushou/3_199148755.htm","2019年建","南湖花园"
"白沙洲-青菱新城南郊路与建阳四路交汇处以东","94.62㎡","武汉","南益名悦华府","（共34层）","洪山现房!实景看房 送家装 不 出门就是云帆街",NA,"南北向","91万",NA,"3室2厅","9617元/㎡","https://wuhan.esf.fang.com/chushou/3_199422783.htm","2020年建","白沙洲"
"白沙洲-洪山区白沙洲大道与八坦路交叉路口","125.97㎡","武汉","中建铂公馆","（共33层）","武昌中建铂公馆 新品加推 自带龙湖天街 双阳台户型 12号线",NA,"南北向","220万",NA,"3室2厅","17464元/㎡","https://wuhan.esf.fang.com/chushou/3_199482007.htm","2021年建","白沙洲"
"武泰闸烽火-解放路南(鹦鹉洲长江大桥桥头)","125㎡","武汉","融创望江府","（共24层）","武昌鹦鹉洲大桥 融创大 口 江景房 未交房 少量在售",NA,"南北向","215万",NA,"3室2厅","17200元/㎡","https://wuhan.esf.fang.com/chushou/3_199406823.htm","2019年建","武泰闸烽火"
"白沙洲-洪山区白沙洲大道与八坦路交叉路口","117.15㎡","武汉","中建铂公馆","（共34层）","冲刺新春认购!新2环中建铂公馆,天街學校齐全,毛坯价低自装修",NA,"南北向","178万",NA,"3室2厅","15194元/㎡","https://wuhan.esf.fang.com/chushou/3_199316315.htm","2022年建","白沙洲"
"白沙洲-万科城市之光","117㎡","武汉","万科城市之光","（共34层）","必看新房:万科洪山广场商业117㎡精装三房边户通透自带學校",NA,"南北向","215万",NA,"3室2厅","18376元/㎡","https://wuhan.esf.fang.com/chushou/3_199056128.htm","","白沙洲"
"中北路-公正路29号(湖北省国土资源厅旁)","202㎡","武汉","沙湖九号","（共51层）","武昌内环工抵房沙湖9号一线精装湖景现房",NA,"南向","866万",NA,"4室2厅","42871元/㎡","https://wuhan.esf.fang.com/chushou/3_199079735.htm","2020年建","中北路"
"中北路-沙湖大道与公正路交汇处","216.27㎡","武汉","融创中心武汉壹号院","（共27层）","融创武汉壹号院-全新楼栋加推210-245平-纯毛坯新房",NA,"南北向","850万",NA,"4室2厅","39302元/㎡","https://wuhan.esf.fang.com/chushou/3_199406732.htm","2022年建","中北路"
"南湖花园-南湖路(长虹中学旁)","120㎡","武汉","新力雅园","（共32层）","精装改毛坯降3000!二环内7地鉄口,新力雅园,华师十长虹中",NA,"南北向","196万",NA,"3室2厅","16333元/㎡","https://wuhan.esf.fang.com/chushou/3_199314867.htm","2022年建","南湖花园"
"南湖花园-南湖路(长虹中学旁)","121㎡","武汉","新力雅园","（共32层）","新力雅园 二环内,双地铁口 车位商业配套齐全 全程免费看房",NA,"南北向","200万",NA,"3室2厅","16528元/㎡","https://wuhan.esf.fang.com/chushou/3_199244699.htm","2021年建","南湖花园"
"南湖花园-丁字桥路与岭南路交汇处","133㎡","武汉","万科新都会","（共34层）","必看好房:武昌洪山丁字桥核心万科132㎡精装三房边户视野开阔",NA,"南北向","325万",NA,"3室2厅","24436元/㎡","https://wuhan.esf.fang.com/chushou/3_199149085.htm","2019年建","南湖花园"
"中北路-公正路29号(湖北省国土资源厅旁)","163㎡","武汉","沙湖九号","（共51层）","武昌楚河汉街沙湖9号一线湖景精装现房工抵房",NA,"南向","735万",NA,"4室2厅","45092元/㎡","https://wuhan.esf.fang.com/chushou/3_199079744.htm","2020年建","中北路"
"白沙洲-万科城市之光","117㎡","武汉","万科城市之光","（共32层）","必看好房:武昌新二环万科新房117㎡精装三房自带商业体及學校",NA,"南北向","208万",NA,"3室2厅","17777元/㎡","https://wuhan.esf.fang.com/chushou/3_199174496.htm","2019年建","白沙洲"
"中北路-中北路118号(原武重厂区)","161.84㎡","武汉","复地东湖国际","（共31层）","复地一期 经典四房 得房率高 诚心出售",NA,"南北向","790万",NA,"5室2厅","48813元/㎡","https://wuhan.esf.fang.com/chushou/3_198647895.htm","2010年建","中北路"
"白沙洲-新武金堤路与八坦路交叉口(向南前行200米)","110㎡","武汉","城投联投誉江南","（共33层）","武昌新二环 一线江景 城投国企 毛坯准现房 已经封顶",NA,"南北向","192万",NA,"3室2厅","17454元/㎡","https://wuhan.esf.fang.com/chushou/3_199503083.htm","2021年建","白沙洲"
"中北路-公正路29号(湖北省国土资源厅旁)","163㎡","武汉","沙湖九号","（共51层）","武昌楚河汉街沙湖9号一线湖景精装现房工抵房",NA,"南向","735万",NA,"4室2厅","45092元/㎡","https://wuhan.esf.fang.com/chushou/3_199079744.htm","2020年建","中北路"
"南湖花园-丁字桥路与岭南路交汇处","140.16㎡","武汉","万科新都会","（共38层）","必看好房:武昌二环丁字桥,万科精装通透4房+配套成熟",NA,"南北向","325.8万",NA,"4室2厅","23244元/㎡","https://wuhan.esf.fang.com/chushou/3_199205045.htm","2020年建","南湖花园"
"中北路-公正路29号(湖北省国土资源厅旁)","202㎡","武汉","沙湖九号","（共51层）","武昌内环无中介费内环沙湖百亿汉街旁沙湖9号工抵房",NA,"南向","860万",NA,"4室2厅","42574元/㎡","https://wuhan.esf.fang.com/chushou/3_199079725.htm","2020年建","中北路"
"南湖花园-丁字桥路与岭南路交汇处","140㎡","武汉","万科新都会","（共34层）","必看新房:洪山丁字桥二环万科140㎡改善精装大四房边户通透",NA,"南北向","336万",NA,"4室2厅","24000元/㎡","https://wuhan.esf.fang.com/chushou/3_199149151.htm","2019年建","南湖花园"
"白沙洲-武昌南青菱西岸南郊路与杨林三路交汇处","91㎡","武汉","万科保利理想城市","（共6层）","双国企开发,万科物业,引进华师,主城区,总价低",NA,"南北向","114万",NA,"3室2厅","12527元/㎡","https://wuhan.esf.fang.com/chushou/3_199238774.htm","2006年建","白沙洲"
"徐东-徐东大街51号","90㎡","武汉","武铁佳苑","（共18层）","武铁大两房 高楼层 劲爆价格 诚心卖 152万 总价低",NA,"南向","152万",NA,"2室2厅","16888元/㎡","https://wuhan.esf.fang.com/chushou/3_199388079.htm","2010年建","徐东"
"白沙洲-白沙洲大道与园艺二路交汇处","130㎡","武汉","和雅东方","（共3层）","一线临湖320平低密湖墅 送80平大露台 下三层三面观湖",NA,"南向","222万",NA,"3室2厅","17076元/㎡","https://wuhan.esf.fang.com/chushou/3_199240063.htm","2022年建","白沙洲"
"南湖花园-丁字桥路与岭南路交汇处","140.16㎡","武汉","万科新都会","（共38层）","必看好房:武昌二环丁字桥,万科精装通透4房+配套成熟",NA,"南北向","325.8万",NA,"4室2厅","23244元/㎡","https://wuhan.esf.fang.com/chushou/3_199205050.htm","2020年建","南湖花园"
"徐东-保利城","94.98㎡","武汉","保利城","（共51层）","徐东新房小户型毛坯加推 双央企开发双交汇 万科物业加持",NA,"南北向","208万",NA,"3室2厅","21899元/㎡","https://wuhan.esf.fang.com/chushou/3_199471827.htm","2016年建","徐东"
"白沙洲-烽胜路与八坦北路交汇处(张家湾社区旁)","123.44㎡","武汉","保利新武昌","（共44层）","保利新武昌 3室2厅 123.44平",NA,"南北向","249万",NA,"3室2厅","20171元/㎡","https://wuhan.esf.fang.com/chushou/3_199469262.htm","2019年建","白沙洲"
"南湖花园-南湖路(长虹中学旁)","105㎡","武汉","新力雅园","（共34层）","武汉新二环内,特价17000起毛坯,面积103-131平可选",NA,"南北向","178万",NA,"3室2厅","16952元/㎡","https://wuhan.esf.fang.com/chushou/3_199491713.htm","2022年建","南湖花园"
"南湖花园-武昌南湖新城建安街特1号","127.3㎡","武汉","水域天际","（共11层）","水域天际 3室2厅2卫2阳台精装 使用面积大楼层好",NA,"南北向","388万",NA,"3室2厅","30479元/㎡","https://wuhan.esf.fang.com/chushou/3_199393858.htm","2009年建","南湖花园"
"徐东-团结大道1015号","104.37㎡","武汉","新世纪花园C区","（共9层）","徐东群星城旁,精装三房,南北通透,拎包入住,产权清晰",NA,"南北向","179万",NA,"3室2厅","17150元/㎡","https://wuhan.esf.fang.com/chushou/3_199388031.htm","2002年建","徐东"
"南湖花园-南湖路(长虹中学旁)","103㎡","武汉","新力雅园","（共6层）","二环旁+南湖边+口+1.7W+配套成熟+交通便利+府旁",NA,"南向","162万",NA,"3室2厅","15728元/㎡","https://wuhan.esf.fang.com/chushou/3_199491708.htm","2006年建","南湖花园"
"南湖花园-南湖路(长虹中学旁)","105㎡","武汉","新力雅园","（共34层）","新力雅园 单价1W7 全新加推 楼层可选 房源有限先到先得",NA,"南北向","179万",NA,"3室2厅","17047元/㎡","https://wuhan.esf.fang.com/chushou/3_199491705.htm","2022年建","南湖花园"
"南湖花园-武昌南湖新城建安街特1号","84.12㎡","武汉","水域天际","（共11层）","南北通透2房,中间楼层,视野宽阔,采光充足",NA,"南北向","274万",NA,"2室2厅","32572元/㎡","https://wuhan.esf.fang.com/chushou/3_198648348.htm","2007年建","南湖花园"
"徐东-徐东大街51号","93.31㎡","武汉","武铁佳苑","（共31层）","武铁佳苑 2室2厅 93.31平",NA,"南向","185万",NA,"2室2厅","19826元/㎡","https://wuhan.esf.fang.com/chushou/3_199410669.htm","2006年建","徐东"
"南湖花园-南湖路(长虹中学旁)","103㎡","武汉","新力雅园","（共6层）","南湖长虹正对面,精装三房!!",NA,"南向","175万",NA,"3室2厅","16990元/㎡","https://wuhan.esf.fang.com/chushou/3_199491693.htm","2021年建","南湖花园"
"徐家棚-金沙泊岸","141.13㎡","武汉","金沙泊岸","（共53层）","有420W单翅膀 高楼层 满二的 看房有钥匙 欢迎咨询",NA,"南北向","445万",NA,"3室2厅","31531元/㎡","https://wuhan.esf.fang.com/chushou/3_199388997.htm","2018年建","徐家棚"
"徐家棚-金沙泊岸","221.12㎡","武汉","金沙泊岸","（共40层）","中北路徐东金沙泊岸 五室两厅 看湖无遮挡 随时看房带翅膀阳台",NA,"南北向","675万",NA,"5室2厅","30526元/㎡","https://wuhan.esf.fang.com/chushou/3_197972969.htm","2016年建","徐家棚"
"南湖花园-南湖路(长虹中学旁)","120㎡","武汉","新力雅园","（共32层）","精装改毛坯降3000!二环内7地鉄口,新力雅园,华师十长虹中",NA,"南北向","196万",NA,"3室2厅","16333元/㎡","https://wuhan.esf.fang.com/chushou/3_199491689.htm","2022年建","南湖花园"
"南湖花园-南湖路(长虹中学旁)","117㎡","武汉","新力雅园","（共6层）","南湖新房绕不开的选择!现降3000,天地新力雅园,毛坯3房",NA,"南北向","190万",NA,"3室2厅","16239元/㎡","https://wuhan.esf.fang.com/chushou/3_199491688.htm","2022年建","南湖花园"
"南湖花园-武昌南湖新城建安街特1号","124.04㎡","武汉","水域天际","（共6层）","通透户型 精装修满五年 诚心出售",NA,"南向","447万",NA,"3室2厅","36036元/㎡","https://wuhan.esf.fang.com/chushou/3_198648457.htm","2006年建","南湖花园"
"徐家棚-金沙泊岸","141.13㎡","武汉","金沙泊岸","（共53层）","有420W单翅膀 高楼层 满二的 看房有钥匙 欢迎咨询",NA,"南北向","445万",NA,"3室2厅","31531元/㎡","https://wuhan.esf.fang.com/chushou/3_199388997.htm","2018年建","徐家棚"
"白沙洲-烽胜路与八坦北路交汇处(张家湾社区旁)","123.44㎡","武汉","保利新武昌","（共44层）","保利新武昌 3室2厅 123.44平",NA,"南北向","249万",NA,"3室2厅","20171元/㎡","https://wuhan.esf.fang.com/chushou/3_199469262.htm","2019年建","白沙洲"
"南湖花园-南湖路(长虹中学旁)","130.61㎡","武汉","新力雅园","（共6层）","南湖核心地段 天地雅园 精装毛坯可选 经典三房 生活便利",NA,"南北向","222万",NA,"3室2厅","16997元/㎡","https://wuhan.esf.fang.com/chushou/3_199491704.htm","2019年建","南湖花园"
"徐东-团结大道1015号","144.92㎡","武汉","新世纪花园C区","（共9层）","徐东大街精装四房,小高层电梯房,拎包可入住,产权清晰诚心出售",NA,"南北向","203万",NA,"4室2厅","14007元/㎡","https://wuhan.esf.fang.com/chushou/3_199388032.htm","2002年建","徐东"
"南湖花园-南湖路(长虹中学旁)","120㎡","武汉","新力雅园","（共32层）","精装改毛坯降3000!二环内7地鉄口,新力雅园,华师十长虹中",NA,"南北向","196万",NA,"3室2厅","16333元/㎡","https://wuhan.esf.fang.com/chushou/3_199491689.htm","2022年建","南湖花园"
"徐东-徐东大街51号","93.31㎡","武汉","武铁佳苑","（共31层）","武铁佳苑 2室2厅 93.31平",NA,"南向","185万",NA,"2室2厅","19826元/㎡","https://wuhan.esf.fang.com/chushou/3_199410669.htm","2006年建","徐东"
"白沙洲-新武金堤路与八坦路交叉口(向南前行200米)","107㎡","武汉","城投联投誉江南","（共32层）","国企武昌江景房+特价15500+110平毛坯三房+自带商业",NA,"南北向","159.17万",NA,"3室2厅","14875元/㎡","https://wuhan.esf.fang.com/chushou/3_199374291.htm","2022年建","白沙洲"
"南湖花园-南湖路(长虹中学旁)","117㎡","武汉","新力雅园","（共6层）","南湖新房绕不开的选择!现降3000,天地新力雅园,毛坯3房",NA,"南北向","190万",NA,"3室2厅","16239元/㎡","https://wuhan.esf.fang.com/chushou/3_199491688.htm","2022年建","南湖花园"
"南湖花园-南湖路(长虹中学旁)","103㎡","武汉","新力雅园","（共6层）","武昌二环 建安街正口 新力雅园1.7万起倒挂周边二手5千",NA,"南向","175万",NA,"3室2厅","16990元/㎡","https://wuhan.esf.fang.com/chushou/3_199491711.htm","2006年建","南湖花园"
"南湖花园-武昌南湖新城建安街特1号","124.04㎡","武汉","水域天际","（共6层）","通透户型 精装修满五年 诚心出售",NA,"南向","447万",NA,"3室2厅","36036元/㎡","https://wuhan.esf.fang.com/chushou/3_198648457.htm","2006年建","南湖花园"
"南湖花园-武昌南湖新城建安街特1号","84.12㎡","武汉","水域天际","（共11层）","南北通透2房,中间楼层,视野宽阔,采光充足",NA,"南北向","274万",NA,"2室2厅","32572元/㎡","https://wuhan.esf.fang.com/chushou/3_198648348.htm","2007年建","南湖花园"
"徐东-徐东大街51号","94.35㎡","武汉","武铁佳苑","（共31层）","武铁佳苑 2室2厅 94.35平",NA,"南北向","138万",NA,"2室2厅","14626元/㎡","https://wuhan.esf.fang.com/chushou/3_199392764.htm","2007年建","徐东"
"南湖花园-南湖路(长虹中学旁)","121㎡","武汉","新力雅园","（共32层）","新力雅园 二环内,双口 车位商业配套齐全 全程免费看房",NA,"南北向","200万",NA,"3室2厅","16528元/㎡","https://wuhan.esf.fang.com/chushou/3_199491716.htm","2021年建","南湖花园"
"徐家棚-金沙泊岸","141.13㎡","武汉","金沙泊岸","（共53层）","有420W单翅膀 高楼层 满二的 看房有钥匙 欢迎咨询",NA,"南北向","445万",NA,"3室2厅","31531元/㎡","https://wuhan.esf.fang.com/chushou/3_199388997.htm","2018年建","徐家棚"
"徐家棚-金沙泊岸","142㎡","武汉","金沙泊岸","（共41层）","沙湖旁430万买三房 人车分流小区 次新房环境好绿化高",NA,"南北向","430万",NA,"3室2厅","30281元/㎡","https://wuhan.esf.fang.com/chushou/3_199388879.htm","2018年建","徐家棚"
"南湖花园-南湖路(长虹中学旁)","105㎡","武汉","新力雅园","（共32层）","新房:朝南精装修+方正户型+武昌二环精装修+地鉄口+特惠房源",NA,"南北向","178万",NA,"3室2厅","16952元/㎡","https://wuhan.esf.fang.com/chushou/3_199491695.htm","","南湖花园"
"南湖花园-南湖路(长虹中学旁)","105㎡","武汉","新力雅园","（共34层）","武汉新二环内,特价17000起毛坯,面积103-131平可选",NA,"南北向","178万",NA,"3室2厅","16952元/㎡","https://wuhan.esf.fang.com/chushou/3_199491713.htm","2022年建","南湖花园"
"南湖花园-武昌南湖新城建安街特1号","124.77㎡","武汉","水域天际","（共11层）","水域天际 3室2厅 124.77平",NA,"南北向","398万",NA,"3室2厅","31898元/㎡","https://wuhan.esf.fang.com/chushou/3_199381967.htm","2007年建","南湖花园"
"徐东-徐东大街51号","95㎡","武汉","武铁佳苑","（共33层）","南北通透 电梯房 武铁佳苑 2室2厅 精装修 诚心出售",NA,"南北向","155万",NA,"2室2厅","16315元/㎡","https://wuhan.esf.fang.com/chushou/3_199388036.htm","2013年建","徐东"
"南湖花园-南湖路(长虹中学旁)","121㎡","武汉","新力雅园","（共32层）","新力雅园 二环内,双口 车位商业配套齐全 全程免费看房",NA,"南北向","200万",NA,"3室2厅","16528元/㎡","https://wuhan.esf.fang.com/chushou/3_199491716.htm","2021年建","南湖花园"
"南湖花园-南湖路(长虹中学旁)","103㎡","武汉","新力雅园","（共58层）","新力雅园 毛坯1.7万起 武昌二环 7号线建安街正口",NA,"南向","175万",NA,"3室2厅","16990元/㎡","https://wuhan.esf.fang.com/chushou/3_199491694.htm","2022年建","南湖花园"
"徐东-徐东大街51号","94.35㎡","武汉","武铁佳苑","（共31层）","武铁佳苑 2室2厅 94.35平",NA,"南北向","138万",NA,"2室2厅","14626元/㎡","https://wuhan.esf.fang.com/chushou/3_199392764.htm","2007年建","徐东"
"徐家棚-金沙泊岸","137.01㎡","武汉","金沙泊岸","（共53层）","次新房 大隐隐于市 园林深处大户人家 金沙泊岸 房东诚心出售",NA,"南北向","450万",NA,"3室2厅","32844元/㎡","https://wuhan.esf.fang.com/chushou/3_197973249.htm","2007年建","徐家棚"
"南湖花园-武昌南湖新城建安街特1号","84.12㎡","武汉","水域天际","（共11层）","南北通透2房,中间楼层,视野宽阔,采光充足",NA,"南北向","274万",NA,"2室2厅","32572元/㎡","https://wuhan.esf.fang.com/chushou/3_198648348.htm","2007年建","南湖花园"
"中南丁字桥-丁字桥路100号","61.34㎡","武汉","向阳佳苑A区","（共35层）","向阳佳苑A区 1室1厅 61.34平",NA,"东向","75万",NA,"1室1厅","12226元/㎡","https://wuhan.esf.fang.com/chushou/3_199506603.htm","2006年建","中南丁字桥"
"中南丁字桥-丁字桥路51号","38㎡","武汉","弘业俊园","（共27层）","弘业俊园 1室1厅 38平",NA,"南向","60万",NA,"1室1厅","15789元/㎡","https://wuhan.esf.fang.com/chushou/3_199502131.htm","2002年建","中南丁字桥"
"中南丁字桥-武昌中南丁字桥路80号","73.76㎡","武汉","银海花园南区","（共8层）","银海花园南区 2室1厅 73.76平",NA,"南向","95万",NA,"2室1厅","12879元/㎡","https://wuhan.esf.fang.com/chushou/3_199506628.htm","2000年建","中南丁字桥"
"中南丁字桥-紫菘中南特区","45.14㎡","武汉","紫菘中南特区","（共20层）","紫菘中南特区 1室0厅 45.14平",NA,"西南向","89.5万",NA,"1室1厅","19827元/㎡","https://wuhan.esf.fang.com/chushou/3_199511814.htm","2006年建","中南丁字桥"
"中南丁字桥-丁字桥涂家岭八村38号","107.4㎡","武汉","武铁向阳小区","（共7层）","武铁向阳小区 3室2厅 107.4平",NA,"南向","150万",NA,"3室2厅","13966元/㎡","https://wuhan.esf.fang.com/chushou/3_199502035.htm","1990年建","中南丁字桥"
"中南丁字桥-雄楚大街131号","99.02㎡","武汉","莲溪寺南村铁路小区","（共7层）","莲溪寺南村铁路小区 3室1厅 99.02平",NA,"南北向","145万",NA,"3室2厅","14643元/㎡","https://wuhan.esf.fang.com/chushou/3_199506588.htm","2001年建","中南丁字桥"
"中南丁字桥-丁字桥路100号","90.43㎡","武汉","向阳佳苑A区","（共35层）","向阳佳苑A区 2室1厅 90.43平",NA,"南向","140万",NA,"2室1厅","15481元/㎡","https://wuhan.esf.fang.com/chushou/3_199515263.htm","2006年建","中南丁字桥"
"徐东-保利城","88㎡","武汉","保利城","（共34层）","小区新品,160W给您安排好精装南北两居室,不要再观望 新品",NA,"南北向","148万",NA,"2室2厅","16818元/㎡","https://wuhan.esf.fang.com/chushou/3_199402243.htm","2016年建","徐东"
"徐东-和平乡徐东路7号","102.28㎡","武汉","欧洲花园","（共8层）","欧洲花园 2室2厅 102.28平",NA,"南向","150万",NA,"2室2厅","14665元/㎡","https://wuhan.esf.fang.com/chushou/3_199467244.htm","2002年建","徐东"
"徐东-团结路19号","110㎡","武汉","新绿美地","（共12层）","二环内 徐东 小高层带电梯 三房诚意售 价格可以",NA,"南北向","160万",NA,"3室2厅","14545元/㎡","https://wuhan.esf.fang.com/chushou/3_199387217.htm","2002年建","徐东"
"中南丁字桥-丁字桥路35号","141.75㎡","武汉","滨湖名都城","（共12层）","滨湖名都城 南北通透格局 自住精装修 中楼层 前后无遮挡",NA,"南北向","258万",NA,"3室2厅","18201元/㎡","https://wuhan.esf.fang.com/chushou/3_199411876.htm","2000年建","中南丁字桥"
"中南丁字桥-丽岛2046","93.21㎡","武汉","丽岛2046","（共15层）","丽岛2046 2室1厅 93.21平",NA,"南北向","169.5万",NA,"2室1厅","18184元/㎡","https://wuhan.esf.fang.com/chushou/3_199502068.htm","2014年建","中南丁字桥"
"南湖花园-丁字桥路与岭南路交汇处","91.78㎡","武汉","万科新都会","（共33层）","武昌二环丁字桥 万科带精装修配套成熟 万科物业 目送式教育",NA,"南北向","200万",NA,"3室2厅","21791元/㎡","https://wuhan.esf.fang.com/chushou/3_199514242.htm","2019年建","南湖花园"
"徐东-保利城","136㎡","武汉","保利城","（共34层）","保利城四期南北4房,50W中式韵味精装修我有钥匙,好不好您品",NA,"南北向","240万",NA,"4室2厅","17647元/㎡","https://wuhan.esf.fang.com/chushou/3_199410111.htm","2020年建","徐东"
"南湖花园-南湖路(长虹中学旁)","103㎡","武汉","新力雅园","（共6层）","明年底交房(特价送车位)新力雅园,武昌2环7号地鉄美宅",NA,"南向","170万",NA,"3室2厅","16504元/㎡","https://wuhan.esf.fang.com/chushou/3_199469925.htm","2022年建","南湖花园"
"徐东-友谊大道508号","141.21㎡","武汉","时尚欧洲","（共18层）","时尚欧洲 4室2厅 141.21平",NA,"西南向","190万",NA,"3室2厅","13455元/㎡","https://wuhan.esf.fang.com/chushou/3_199467278.htm","2000年建","徐东"
"徐东-武昌和平大道与铁机路交汇处","181㎡","武汉","融侨滨江城美域","（共42层）","武昌内环融侨滨江城天域美域 5号线 两桥三轨交汇",NA,"南北向","378万",NA,"4室2厅","20883元/㎡","https://wuhan.esf.fang.com/chushou/3_199509358.htm","2019年建","徐东"
"南湖花园-南湖瑞安街84号","124.99㎡","武汉","中央花园","（共7层）","中央花园 买房的家长看过来 低于市场价20万",NA,"南北向","280万",NA,"3室2厅","22401元/㎡","https://wuhan.esf.fang.com/chushou/3_199510134.htm","2006年建","南湖花园"
"徐东-武昌和平大道与铁机路交汇处","181㎡","武汉","融侨滨江城美域","（共42层）","开发商直签 武昌滨江CBD核芯地段,融侨滨江城全新品质四房",NA,"南北向","430万",NA,"4室2厅","23756元/㎡","https://wuhan.esf.fang.com/chushou/3_199512115.htm","2019年建","徐东"
"积玉桥-友谊大道特1号","128.07㎡","武汉","友谊国际","（共19层）","友谊国际 3室2厅 120.24平",NA,"南北向","295万",NA,"3室2厅","23034元/㎡","https://wuhan.esf.fang.com/chushou/3_199498803.htm","2007年建","积玉桥"
"徐东-武昌和平大道与铁机路交汇处","181㎡","武汉","融侨天域","（共42层）","武昌融侨滨江城,180大平层仅剩几套,聚划算,总价400万",NA,"南北向","390万",NA,"4室2厅","21546元/㎡","https://wuhan.esf.fang.com/chushou/3_199498782.htm","2019年建","徐东"
"南湖花园-丁字桥路与岭南路交汇处","133㎡","武汉","万科新都会","（共34层）","精选好房:武昌核心二环万科品质精装133㎡边户通透大三房",NA,"南北向","322万",NA,"3室2厅","24210元/㎡","https://wuhan.esf.fang.com/chushou/3_199470199.htm","2019年建","南湖花园"
"中南丁字桥-瑞景路瑞景广场一楼(星巴克斜对面)","90.12㎡","武汉","百瑞景中央生活区六期","（共34层）","百瑞景中央生活区六期 次新小区 正规小三房 产证满二",NA,"南向","320万",NA,"3室2厅","35508元/㎡","https://wuhan.esf.fang.com/chushou/3_199506161.htm","2016年建","中南丁字桥"
"中南丁字桥-瑞景路瑞景广场一楼(星巴克斜对面)","90.24㎡","武汉","百瑞景中央生活区六期","（共34层）","百瑞景中央生活区六期 3室2厅 90.24平",NA,"南向","305万",NA,"3室2厅","33798元/㎡","https://wuhan.esf.fang.com/chushou/3_199506348.htm","2017年建","中南丁字桥"
"积玉桥-和平大道三角路(原武汉理工大旧址)","89.52㎡","武汉","武汉恒大首府","（共45层）","必看好房:恒大 全新精装修 高层看湖 视野开阔 老证 急售",NA,"东南向","230万",NA,"2室2厅","25692元/㎡","https://wuhan.esf.fang.com/chushou/3_199515738.htm","2006年建","积玉桥"
"中南丁字桥-丁字桥路与福安街交汇处(涂家岭公交车站旁)","100.02㎡","武汉","长投珑庭","（共33层）","长投珑庭 3室2厅 106.56平",NA,"东南向","230万",NA,"3室1厅","22995元/㎡","https://wuhan.esf.fang.com/chushou/3_199506474.htm","2017年建","中南丁字桥"
"徐家棚-金沙泊岸","141.57㎡","武汉","金沙泊岸","（共53层）","金沙泊岸 3室2厅 141.57平",NA,"东南向","430万",NA,"3室2厅","30373元/㎡","https://wuhan.esf.fang.com/chushou/3_199472154.htm","2018年建","徐家棚"
"徐家棚-徐东二路2号","227.67㎡","武汉","水岸星城","（共31层）","水岸星城 4室2厅 229.72平",NA,"南北向","600万",NA,"4室2厅","26353元/㎡","https://wuhan.esf.fang.com/chushou/3_199479494.htm","2010年建","徐家棚"
"徐家棚-武昌区和平大道750号","84.11㎡","武汉","西斯莱公馆","（共31层）","必看好房:绿地一期 精装修 三房格局 明厨明卫 急售 随时看",NA,"南向","210万",NA,"2室2厅","24967元/㎡","https://wuhan.esf.fang.com/chushou/3_199511126.htm","2006年建","徐家棚"
"中北路-中北路118号(原武重厂区)","159.27㎡","武汉","复地东湖国际","（共31层）","复地东湖国际一期 4室2厅 164.07平",NA,"南北向","740万",NA,"4室2厅","46461元/㎡","https://wuhan.esf.fang.com/chushou/3_199494333.htm","2008年建","中北路"
"南湖花园-雄楚大街268号附近(区政府斜对面)","137.45㎡","武汉","金地格林小城莱茵","（共18层）","不临街金地格林小城莱茵精装大三房 带暖气 中间楼层满两年急售",NA,"南北向","331万",NA,"3室2厅","24081元/㎡","https://wuhan.esf.fang.com/chushou/3_199475585.htm","","南湖花园"
"徐东-和平乡徐东路7号","158.09㎡","武汉","欧洲花园","（共17层）","158平米大三房220万",NA,"南北向","220万",NA,"3室2厅","13916元/㎡","https://wuhan.esf.fang.com/chushou/3_199485558.htm","2002年建","徐东"
"南湖花园-文治街与文昌路交汇处(理工大南湖校区对面)","83.91㎡","武汉","武昌府二期","（共33层）","百港城旁 武昌府和郡 朝南户型2房2厅 产证满两 诚心卖",NA,"南向","182万",NA,"2室2厅","21689元/㎡","https://wuhan.esf.fang.com/chushou/3_199511289.htm","2014年建","南湖花园"
"中北路-沙湖大道与公正路交汇处","211.93㎡","武汉","融创中心武汉壹号院","（共54层）","融创中心武汉壹号院 4室2厅 211.93平",NA,"南北向","760万",NA,"4室2厅","35860元/㎡","https://wuhan.esf.fang.com/chushou/3_199481356.htm","2020年建","中北路"
"积玉桥-武昌区和平大道666号","51.12㎡","武汉","融侨华府","（共33层）","必看好房:融侨正规一居室 小区无此价格 老证 急售 随时看",NA,"东南向","89万",NA,"1室1厅","17410元/㎡","https://wuhan.esf.fang.com/chushou/3_199513654.htm","2006年建","积玉桥"
"白沙洲-洪山区白沙洲大道与八坦路交叉路口","116㎡","武汉","中建铂公馆","（共55层）","央企中建准现房!共享龙湖天街,2环白沙之心,毛坯3室",NA,"南北向","208万",NA,"3室2厅","17931元/㎡","https://wuhan.esf.fang.com/chushou/3_199381862.htm","2021年建","白沙洲"
"徐家棚-金沙泊岸","142.57㎡","武汉","金沙泊岸","（共31层）","武昌沙湖 金沙泊岸 前排142平三室440万 诚售可议价",NA,"南北向","440万",NA,"3室2厅","30862元/㎡","https://wuhan.esf.fang.com/chushou/3_199388877.htm","2018年建","徐家棚"
"徐东-和平大道铁机路(铁机路余家头站旁)","177㎡","武汉","融侨城","（共47层）","融侨城 滨江商务区 大四房,视野开阔,业主诚心出售!",NA,"南北向","440万",NA,"4室2厅","24858元/㎡","https://wuhan.esf.fang.com/chushou/3_197975364.htm","2015年建","徐东"
"积玉桥-武昌区临江大道55号","162㎡","武汉","锦江国际城","（共28层）","地铁口的纯毛坯 江景4房 中间楼层 诚心出售",NA,"南北向","440万",NA,"4室2厅","27160元/㎡","https://wuhan.esf.fang.com/chushou/3_198968691.htm","2016年建","积玉桥"
"中北路-中北路171号(中北路与东沙大道交汇处)","271㎡","武汉","万达御湖汉印","（共55层）","开发商直签免佣+武昌核心楚河汉街万达229大平层+智能化精装",NA,"南北向","950万",NA,"4室2厅","35055元/㎡","https://wuhan.esf.fang.com/chushou/3_199499520.htm","2022年建","中北路"
"中北路-中北路171号(中北路与东沙大道交汇处)","264㎡","武汉","万达御湖汉印","（共60层）","楚河汉街 万达御湖汉印 好圈层 天幕精装大平层 全屋智能家居",NA,"南北向","850万",NA,"4室2厅","32196元/㎡","https://wuhan.esf.fang.com/chushou/3_199499521.htm","2022年建","中北路"
"徐家棚-武昌滨江商务区","228.64㎡","武汉","武汉长江中心","（共61层）","武昌内环品质高端楼盘武汉长江中心通透四居室精装修一线看江!",NA,"南北向","850万",NA,"4室2厅","37176元/㎡","https://wuhan.esf.fang.com/chushou/3_199500995.htm","2023年建","徐家棚"
"东湖东亭-华侨城墅区","339.6㎡","武汉","华侨城墅区","","华侨城天花板原岸联排别墅,品质住宅,前庭后院,带!",NA,"南向","1900万",NA,"卧室：4个","55948元/㎡","https://wuhan.esf.fang.com/chushou/10_198978425.htm","","东湖东亭"
"东湖东亭-纯水岸东湖天屿一期","346.28㎡","武汉","纯水岸东湖天屿一期","（共31层）","纯水岸东湖天屿一期 5室2厅 346.28平",NA,"南向","1050万",NA,"5室2厅","30322元/㎡","https://wuhan.esf.fang.com/chushou/3_199467773.htm","2015年建","东湖东亭"
"积玉桥-武昌区临江大道55号","162.6㎡","武汉","锦江国际城","（共27层）","必看好房:锦江国际城 中层 一线江景房 精装修 老证 急售",NA,"南北向","450万",NA,"3室2厅","27675元/㎡","https://wuhan.esf.fang.com/chushou/3_199232545.htm","2005年建","积玉桥"
"徐家棚-和平大道750号","131.77㎡","武汉","绿地国际金融城二期","（共32层）","真房真价:绿地二期 南北通透 大落地窗 精装修 满二 急售",NA,"南北向","395万",NA,"3室2厅","29976元/㎡","https://wuhan.esf.fang.com/chushou/3_199394791.htm","2015年建","徐家棚"
"徐家棚-武昌区和平大道750号","118.2㎡","武汉","西斯莱公馆","（共31层）","绿地国际金融城一期 3室2厅 114.04平",NA,"南北向","310万",NA,"3室2厅","26226元/㎡","https://wuhan.esf.fang.com/chushou/3_199516026.htm","2006年建","徐家棚"
"积玉桥-和平大道三角路(原武汉理工大旧址)","89.52㎡","武汉","武汉恒大首府","（共45层）","必看好房:恒大 全新精装修 高层看湖 视野开阔 老证 急售",NA,"东南向","230万",NA,"2室2厅","25692元/㎡","https://wuhan.esf.fang.com/chushou/3_199515738.htm","2006年建","积玉桥"
"中北路-中北路147号","134.1㎡","武汉","复地东湖国际六期","（共32层）","复地东湖国际六期 3室2厅 134.1平",NA,"南北向","610万",NA,"3室2厅","45488元/㎡","https://wuhan.esf.fang.com/chushou/3_199500293.htm","2015年建","中北路"
"积玉桥-中山路312号","103.83㎡","武汉","华润置地凤凰城","（共33层）","真房真价 品质小区 凤凰城 此房急售 老证 楼层采光好",NA,"东南向","270万",NA,"3室2厅","26004元/㎡","https://wuhan.esf.fang.com/chushou/3_199388051.htm","2009年建","积玉桥"
"水果湖-洪山侧路18号","88.95㎡","武汉","洪山侧路","（共7层）","洪山侧路 3室2厅 91.54平",NA,"南北向","245万",NA,"2室2厅","27543元/㎡","https://wuhan.esf.fang.com/chushou/3_199500639.htm","2006年建","水果湖"
"积玉桥-和平大道三角路(原武汉理工大旧址)","87.97㎡","武汉","武汉恒大首府","（共33层）","次新小区 恒大首府 精装修 采光好 老证 业主急售 随时可看",NA,"东南向","200万",NA,"2室1厅","22735元/㎡","https://wuhan.esf.fang.com/chushou/3_199231336.htm","2018年建","积玉桥"
"南湖花园-南湖路(长虹中学旁)","130.61㎡","武汉","新力雅园","（共6层）","南湖核心地段 天地雅园 精装毛坯可选 经典三房 生活便利",NA,"南北向","196.8万",NA,"3室2厅","15067元/㎡","https://wuhan.esf.fang.com/chushou/3_199510885.htm","2019年建","南湖花园"
